2021 BMW R1250 GS te Triple Black,959 mi,"Stroud, GBR","£17,050
SOLD",Collecting Cars,Auction,"Nov 18, 2022"
1991 BMW R100GS,"27,000 mi","Lewisville, TX, USA","$7,000
SOLD",Bring a Trailer,Auction,"Nov 17, 2022"
1966 BMW R27 w/Duna Sidecar,TMU,"Kingfield, USA","$14,500
SOLD",Bring a Trailer,Auction,"Nov 15, 2022"
1968 BMW R69S,TMU,"Toledo, OH, USA","$27,000
SOLD",Bring a Trailer,Auction,"Nov 14, 2022"
1984 BMW R80G/S,"7,000 mi","Portland, OR, USA","$15,500
SOLD",Bring a Trailer,Auction,"Nov 13, 2022"
1968 BMW R50/2,"18,000 mi","Omaha, NE, USA","$9,500
SOLD",Bring a Trailer,Auction,"Nov 13, 2022"
1981 BMW R65 650CC,TMU,"Birmingham, GBR","£2,025
SOLD",Silverstone (UK),Auction,"Nov 13, 2022"
1954 BMW R51/3 494CC,TMU,"Birmingham, GBR","£9,337
SOLD",Silverstone (UK),Auction,"Nov 13, 2022"
"2017 BMW R Nine T Racer S 1,170CC",TMU,"Birmingham, GBR","£9,450
SOLD",Silverstone (UK),Auction,"Nov 13, 2022"
1995 BMW K75RT Abs,"18,000 mi","City of Saginaw, MI, USA","$3,200
SOLD",Bring a Trailer,Auction,"Nov 10, 2022"
1967 BMW R60/2,TMU,"Town of Newfield, NY, USA","$17,000
SOLD",Bring a Trailer,Auction,"Nov 10, 2022"
1954 BMW R51/3,TMU,"Shelton, CT, USA","$20,000
SOLD",Bring a Trailer,Auction,"Nov 10, 2022"
2015 BMW R Ninet,"9,000 mi","Dublin, OH, USA","$8,200
SOLD",Bring a Trailer,Auction,"Nov 9, 2022"
1978 BMW R80/7,"29,000 mi","Vacaville, CA, USA","$4,600
SOLD",Bring a Trailer,Auction,"Nov 9, 2022"
1969 BMW R69US,TMU,"Victoria, BC, CAN","$15,750
SOLD",Bring a Trailer,Auction,"Nov 7, 2022"
1975 BMW R90S,"57,000 mi","Longmont, CO, USA","$11,750
SOLD",Bring a Trailer,Auction,"Nov 2, 2022"
1968 BMW R69S,"28,000 mi","Boulder, CO, USA","$24,750
SOLD",Bring a Trailer,Auction,"Oct 31, 2022"
2018 BMW K1600 Grand America,"11,302 mi","Murrieta, CA, USA",SOLD,West Coast Exotic Cars,Fixed-price,"Oct 28, 2022"
1988 BMW R100RS,"21,000 mi","East Dundee, IL, USA","$13,600
SOLD",Bring a Trailer,Auction,"Oct 28, 2022"
2010 BMW S 1000 RR,"4,000 mi","Raleigh, NC, USA","$12,000
SOLD",Bring a Trailer,Auction,"Oct 27, 2022"
1974 BMW R90S,"24,000 mi","Evanston, IL, USA","$7,800
SOLD",Bring a Trailer,Auction,"Oct 26, 2022"
1972 BMW R75/5,"58,000 mi","Napa, CA, USA","$9,000
SOLD",Bring a Trailer,Auction,"Oct 24, 2022"
1966 BMW R60/2,TMU,"Mission, KS, USA","$36,250
SOLD",Bring a Trailer,Auction,"Oct 22, 2022"
1978 BMW R100RS Motorsport,"48,000 mi","Charleston, SC, USA","$13,750
SOLD",Bring a Trailer,Auction,"Oct 21, 2022"
1976 BMW R90S,"42,000 mi","San Francisco, CA, USA","$7,200
SOLD",Bring a Trailer,Auction,"Oct 20, 2022"
1983 BMW R80ST,TMU,"Miami, FL, USA","$6,250
SOLD",Bring a Trailer,Auction,"Oct 20, 2022"
1975 BMW R90S,TMU,"Williamsburg, VA, USA","$21,500
SOLD",Bring a Trailer,Auction,"Oct 19, 2022"
1973 BMW R75 Toaster Tank,"25,200 mi · Manual","Cameron Park, CA, USA","$4,500
SOLD",Hemmings,Fixed-price,"Oct 18, 2022"
1967 BMW R69S,TMU,"Laguna Hills, CA, USA","$16,250
SOLD",Bring a Trailer,Auction,"Oct 17, 2022"
2001 BMW F650 Funduro,,"Stafford, GBR","£862
SOLD",Bonhams,Auction,"Oct 16, 2022"
1989 BMW 980CC K1,,"Stafford, GBR","£1,955
SOLD",Bonhams,Auction,"Oct 16, 2022"
1999 BMW K1200 RS,,"Stafford, GBR","£2,875
SOLD",Bonhams,Auction,"Oct 16, 2022"
1973 BMW 750CC R75/5,,"Stafford, GBR","£4,025
SOLD",Bonhams,Auction,"Oct 16, 2022"
1964 BMW 247CC R27,,"Stafford, GBR","£4,600
SOLD",Bonhams,Auction,"Oct 16, 2022"
1984 BMW R80 Tic,,"Stafford, GBR","£1,092
SOLD",Bonhams,Auction,"Oct 16, 2022"
1978 BMW R100 S,TMU · Manual,"Elkhart Lake, WI, USA",SOLD,The Throttlestop,Fixed-price,"Oct 15, 2022"
1983 BMW R80G/S,TMU,"Portland, OR, USA","$22,000
SOLD",Bring a Trailer,Auction,"Oct 14, 2022"
1991 BMW R100GS,TMU,"Greenville, SC, USA","$6,399
SOLD",Bring a Trailer,Auction,"Oct 14, 2022"
2009 BMW R1200RT,"25,500 mi · Manual","Saint Augustine, FL, USA","$2,901
SOLD",ShiftGate,Auction,"Oct 13, 2022"
1972 BMW R75/5,"49,284 mi · Manual","Tucson, AZ, USA","$6,400
SOLD",Hemmings,Fixed-price,"Oct 13, 2022"
1984 BMW K100RT,,"Cheshire County, NH, USA","£1,725
SOLD",H&H Auctioneers UK,Auction,"Oct 12, 2022"
1976 BMW R90S,TMU,"Troutville, VA, USA","$8,409
SOLD",Bring a Trailer,Auction,"Oct 12, 2022"
1968 BMW R69S,"34,000 mi","Bozeman, MT, USA","$17,300
SOLD",Bring a Trailer,Auction,"Oct 10, 2022"
1995 BMW R100RT Classic,"29,000 mi","Hardeeville, SC, USA","$8,700
SOLD",Bring a Trailer,Auction,"Oct 10, 2022"
1988 BMW R80G/S Paris-Dakar,,Belgium,"€46,000
SOLD",Bonhams,Auction,"Oct 9, 2022"
1950 BMW BMW R51/2,TMU · Manual,"Hendersonville, NC, USA","$45,000
SOLD",Bring a Trailer,Auction,"Oct 9, 2022"
1966 BMW R27,TMU,"Seattle, WA, USA","$9,700
SOLD",Bring a Trailer,Auction,"Oct 5, 2022"
2003 BMW R1150RT,"16,000 mi","Kootenai County, ID, USA","$6,800
SOLD",Bring a Trailer,Auction,"Oct 4, 2022"
1966 BMW R69S,"21,000 km (13,049 mi)","Charleston, SC, USA","$33,000
SOLD",Bring a Trailer,Auction,"Sep 30, 2022"
1988 BMW R100GS,"28,000 mi","Plainfield, NH, USA","$5,700
SOLD",Bring a Trailer,Auction,"Sep 29, 2022"
1988 BMW R100RT Cafe Racer,TMU,"Vershire, VT, USA","$8,500
SOLD",Bring a Trailer,Auction,"Sep 26, 2022"
1972 BMW R75/5,"7,000 mi · Manual","Gig Harbor, WA, USA","$11,750
SOLD",Bring a Trailer,Auction,"Sep 25, 2022"
1966 BMW R50,,"Reserve, LA, USA","$16,675
SOLD",RM Sotheby's,Auction,"Sep 24, 2022"
1966 BMW R50/2,TMU,"Newton, NJ, USA","$13,000
SOLD",Bring a Trailer,Auction,"Sep 21, 2022"
1962 BMW R50/2 w/Duna Sidecar,TMU,"Lincolnville, ME, USA","$56,500
SOLD",Bring a Trailer,Auction,"Sep 20, 2022"
1984 BMW K100RT Cafe Racer,TMU,"Lynnwood, WA, USA","$9,388
SOLD",Bring a Trailer,Auction,"Sep 20, 2022"
1971 BMW R60/5,TMU,"Wayzata, MN, USA","$6,500
SOLD",Bring a Trailer,Auction,"Sep 19, 2022"
1982 BMW R100 RS,"14,000 mi · Manual","Rancho Palos Verdes, CA, USA","$5,500
SOLD",PCARMARKET,Auction,"Sep 19, 2022"
2015 BMW R Nine T – pc.02 by Pier City Custom,"9,640 mi · Manual","Bedlington, GBR","£8,200
SOLD",Collecting Cars,Auction,"Sep 18, 2022"
1972 BMW R75/5,"20,000 mi","Plainfield, NH, USA","$6,400
SOLD",Bring a Trailer,Auction,"Sep 18, 2022"
1985 BMW K100,Manual,"Vale of White Horse, GBR","£7,749
SOLD",The Market by Bonhams,Auction,"Sep 15, 2022"
1993 BMW R100GS PD,"31,000 mi · Manual","Gig Harbor, WA, USA","$8,300
SOLD",Bring a Trailer,Auction,"Sep 14, 2022"
1974 BMW R90S,TMU,"Sonoma, CA, USA","$6,800
SOLD",Bring a Trailer,Auction,"Sep 13, 2022"
1984 BMW R100RS,"59,000 mi","Candia, NH, USA","$5,900
SOLD",Bring a Trailer,Auction,"Sep 12, 2022"
1995 BMW K1100RS Sidecar,"27,200 mi · Manual · Original & Highly Original","Longmont, CO, USA","$30,000
SOLD",Hemmings,Fixed-price,"Sep 9, 2022"
1992 BMW K75S,TMU,"New York, NY, USA","$3,301
SOLD",Bring a Trailer,Auction,"Sep 8, 2022"
1986 BMW R80G/S Paris-Dakar,TMU,"Vero Beach, FL, USA","$16,250
SOLD",Bring a Trailer,Auction,"Sep 6, 2022"
2009 BMW HP2 Sport,157 mi · Manual,"St Andrews, GBR","£22,500
SOLD",Collecting Cars,Auction,"Sep 4, 2022"
1984 BMW R100RS Last Edition,"44,000 mi","Chicago, IL, USA","$7,700
SOLD",Bring a Trailer,Auction,"Aug 29, 2022"
1995 BMW R100GS PD Classic in Factory Crate,TMU · Manual,"New York, NY, USA","$47,250
SOLD",Bring a Trailer,Auction,"Aug 27, 2022"
1974 BMW R90S,"45,000 mi","Ventura County, CA, USA","$7,900
SOLD",Bring a Trailer,Auction,"Aug 24, 2022"
1956 BMW R50,TMU,"Cranbury, NJ, USA","$14,000
SOLD",Bring a Trailer,Auction,"Aug 24, 2022"
1966 BMW R27,TMU,"New Braunfels, TX, USA","$18,500
SOLD",Bring a Trailer,Auction,"Aug 20, 2022"
1926 BMW R42,Manual · Restored-Original,"Monterey County, CA, USA","$58,000
SOLD",Mecum,Auction,"Aug 19, 2022"
1989 BMW R100GS,"38,000 mi · LHD","Charleston, SC, USA","$12,750
SOLD",Bring a Trailer,Auction,"Aug 19, 2022"
1977 BMW R75 With Sidecar,"29,773 mi · Manual · Original & Highly Original","Monterey County, CA, USA","$5,000
SOLD",Mecum,Auction,"Aug 18, 2022"
1992 BMW K100RS,"69,000 mi","Hortonville, WI, USA","$6,800
SOLD",Bring a Trailer,Auction,"Aug 18, 2022"
1965 BMW R69S w/Steib TR500 Sidecar,"12,000 mi","Town of North Salem, NY, USA","$25,500
SOLD",Bring a Trailer,Auction,"Aug 16, 2022"
1993 BMW R100R,"23,000 mi","Hillsboro, OR, USA","$4,700
SOLD",Bring a Trailer,Auction,"Aug 15, 2022"
2013 BMW HP4 Competition,"15,883 km (9,869 mi) · Manual","Perth, WA, AUS","AUD19,750
SOLD",Collecting Cars,Auction,"Aug 11, 2022"
1960 BMW R50,TMU,"Southampton, MA, USA","$12,250
SOLD",Bring a Trailer,Auction,"Aug 11, 2022"
1970 BMW R75/5,TMU,"Huntington Beach, CA, USA","$6,600
SOLD",Bring a Trailer,Auction,"Aug 11, 2022"
1976 BMW R90/S Motorcycle,TMU · Manual,"East Bradford Township, PA, USA",SOLD,Connors Motorcar Company,Fixed-price,"Aug 11, 2022"
1976 BMW R90/6 With Sidecar,"10,700 mi · Manual","Wilbraham, MA, USA","$10,116
SOLD",PCARMARKET,Auction,"Aug 9, 2022"
1980 BMW R65,TMU,"Chesterfield, MO, USA","$4,100
SOLD",Bring a Trailer,Auction,"Aug 9, 2022"
1966 BMW R60/2 Motorcycle,TMU · Manual · Restored-Original,"Vallejo, CA, USA","$25,000
SOLD",Hemmings,Auction,"Aug 8, 2022"
1972 BMW R60/5,"32,000 mi","Charleston, SC, USA","$13,000
SOLD",Bring a Trailer,Auction,"Aug 5, 2022"
1976 BMW R90S,"91,000 km (56,545 mi)","San Jose, CA, USA","$9,992
SOLD",Bring a Trailer,Auction,"Aug 4, 2022"
1973 BMW R75/5,TMU,"Clinton, WA, USA","$4,000
SOLD",Bring a Trailer,Auction,"Aug 4, 2022"
1975 BMW R90/6,TMU,"Hendersonville, NC, USA","$7,600
SOLD",Bring a Trailer,Auction,"Aug 3, 2022"
1986 BMW R80,TMU,"Elk Grove Village, IL, USA","$3,886
SOLD",Bring a Trailer,Auction,"Aug 2, 2022"
1995 BMW R100GS PD Classic,"7,000 mi","Telluride, CO, USA","$9,000
SOLD",Bring a Trailer,Auction,"Aug 1, 2022"
2004 BMW R1100S Boxercup Replika,"19,000 mi","Hortonville, WI, USA","$9,600
SOLD",Bring a Trailer,Auction,"Jul 29, 2022"
1976 BMW R90/6,"54,000 mi","Rapid City, SD, USA","$4,500
SOLD",Bring a Trailer,Auction,"Jul 26, 2022"
2011 BMW R1200R,"21,000 mi","San Diego, CA, USA","$8,100
SOLD",Bring a Trailer,Auction,"Jul 26, 2022"
1972 BMW R75/5,"44,000 mi","Los Angeles, CA, USA","$9,300
SOLD",Bring a Trailer,Auction,"Jul 22, 2022"
1986 BMW R80,,"Metropolitan Borough of Solihull, GBR","£4,382
SOLD",H&H Auctioneers UK,Auction,"Jul 20, 2022"
2002 BMW C1,,"Metropolitan Borough of Solihull, GBR","£1,610
SOLD",H&H Auctioneers UK,Auction,"Jul 20, 2022"
1976 BMW R90/6,"89,000 mi","Hortonville, WI, USA","$5,900
SOLD",Bring a Trailer,Auction,"Jul 19, 2022"
1992 BMW K1100 - Kustom Moto,10 mi · Manual,"Adur, GBR","£12,050
SOLD",Collecting Cars,Auction,"Jul 17, 2022"
2000 BMW R1100S,"21,000 mi","Town of Vestal, NY, USA","$8,400
SOLD",Bring a Trailer,Auction,"Jul 16, 2022"
1971 BMW R75/5,"41,800 mi · Manual","Orlando, FL, USA","$6,600
SOLD",Hemmings,Auction,"Jul 15, 2022"
1973 BMW R75/5,"34,000 mi","Apex, NC, USA","$11,500
SOLD",Bring a Trailer,Auction,"Jul 15, 2022"
1969 BMW R60/2,"34,000 mi","Hendersonville, NC, USA","$9,905
SOLD",Bring a Trailer,Auction,"Jul 15, 2022"
1993 BMW R100GS PD,"47,000 mi","Los Angeles, CA, USA","$6,969
SOLD",Bring a Trailer,Auction,"Jul 9, 2022"
1995 BMW R100GS PD,"19,000 mi","Brentwood, TN, USA","$15,000
SOLD",Bring a Trailer,Auction,"Jul 2, 2022"
1984 BMW R100RS,"30,000 mi","Raleigh, NC, USA","$7,538
SOLD",Bring a Trailer,Auction,"Jul 1, 2022"
1977 BMW R100 - Paris-Dakar Homage,"25,585 km (15,898 mi)","Test Valley, GBR","£8,550
SOLD",Collecting Cars,Auction,"Jun 26, 2022"
1977 BMW R100 RS,"80,000 km (49,710 mi)","Neuilly-sur-Seine, FRA","€9,620
SOLD",Aguttes,Auction,"Jun 26, 2022"
1979 BMW R100RS,"41,000 mi","Groton, MA, USA","$5,000
SOLD",Bring a Trailer,Auction,"Jun 25, 2022"
2018 BMW S1000RR,"2,073 mi","Murrieta, CA, USA",SOLD,West Coast Exotic Cars,Fixed-price,"Jun 24, 2022"
1976 BMW R90S,"34,000 mi","Novato, CA, USA","$13,100
SOLD",Bring a Trailer,Auction,"Jun 24, 2022"
1994 BMW R1100RS Battle of The Legends Racer,"21,000 mi","Bessemer, AL, USA","$6,000
SOLD",Bring a Trailer,Auction,"Jun 24, 2022"
1992 BMW R100GS,TMU · Manual,"Marin County, CA, USA","$14,000
SOLD",Bring a Trailer,Auction,"Jun 21, 2022"
1964 BMW R50/2,"37,000 mi","Plainfield, IL, USA","$8,900
SOLD",Bring a Trailer,Auction,"Jun 21, 2022"
1976 BMW R90/6 w/Watsonian Sidecar,TMU,"Jay Township, PA, USA","$7,600
SOLD",Bring a Trailer,Auction,"Jun 19, 2022"
1992 BMW R100GS PD,"10,000 mi","Great Barrington, MA, USA","$11,000
SOLD",Bring a Trailer,Auction,"Jun 18, 2022"
2021 BMW R 1250 GS,272 mi,"Miami-Dade County, FL, USA",SOLD,Prestige Imports,Fixed-price,"Jun 15, 2022"
2018 BMW R Nine T Racer,24 mi · Manual,"Test Valley, GBR","£7,600
SOLD",Collecting Cars,Auction,"Jun 15, 2022"
1976 BMW R90/6 Project,TMU · Project,"Boise, ID, USA","$3,651
SOLD",Bring a Trailer,Auction,"Jun 15, 2022"
1976 BMW R90/6,TMU,"Sacramento, CA, USA","$7,000
SOLD",Bring a Trailer,Auction,"Jun 12, 2022"
1968 BMW R69S w/Steib S501 Sidecar,TMU,"Stamford, CT, USA","$20,000
SOLD",Bring a Trailer,Auction,"Jun 12, 2022"
1972 BMW R75/5,TMU · Manual,"Great Barrington, MA, USA","$13,550
SOLD",Bring a Trailer,Auction,"Jun 11, 2022"
1969 BMW R60/2,"19,000 mi","San Francisco, CA, USA","$15,526
SOLD",Bring a Trailer,Auction,"Jun 8, 2022"
1999 BMW R1200C,"2,638 mi","Webster, TX, USA","$4,100
SOLD",PCARMARKET,Auction,"Jun 7, 2022"
1976 BMW R90S,TMU,"Seattle, WA, USA","$10,300
SOLD",Bring a Trailer,Auction,"Jun 6, 2022"
1971 BMW R75/5,"45,000 mi","Asheville, NC, USA","$12,500
SOLD",Bring a Trailer,Auction,"Jun 5, 2022"
2005 BMW F650GS Dakar,"3,900 mi","King County, WA, USA","$7,555
SOLD",Bring a Trailer,Auction,"Jun 2, 2022"
2002 BMW R1100S,"9,000 mi","Hallstead, PA, USA","$8,100
SOLD",Bring a Trailer,Auction,"May 31, 2022"
1988 BMW R100RS,"66,000 mi","Los Angeles, CA, USA","$4,800
SOLD",Bring a Trailer,Auction,"May 28, 2022"
1993 BMW R100GS,"62,000 mi","Rocky River, OH, USA","$6,500
SOLD",Bring a Trailer,Auction,"May 28, 2022"
1986 BMW K75T,"39,000 mi","Outagamie County, WI, USA","$4,075
SOLD",Bring a Trailer,Auction,"May 27, 2022"
1973 BMW R75/5 LWB,"11,000 mi","Miami, FL, USA","$8,600
SOLD",Bring a Trailer,Auction,"May 26, 2022"
1993 BMW R100GS PD,TMU,"Rocky River, OH, USA","$9,500
SOLD",Bring a Trailer,Auction,"May 25, 2022"
1974 BMW R90S,"33,000 mi","Humboldt County, CA, USA","$9,099
SOLD",Bring a Trailer,Auction,"May 23, 2022"
2018 BMW R Ninet ‘Option 719’,"11,511 km (7,153 mi)","Sydney, NSW, AUS","AUD21,000
SOLD",Collecting Cars,Auction,"May 20, 2022"
1975 BMW R90S,"6,000 mi","Douglass Township, PA, USA","$17,150
SOLD",Bring a Trailer,Auction,"May 16, 2022"
1981 BMW R65 Combination 650CC,TMU,"Peterborough, GBR","£1,518
SOLD",Silverstone (UK),Auction,"May 15, 2022"
1995 BMW R100R 980CC,TMU,"Peterborough, GBR","£5,287
SOLD",Silverstone (UK),Auction,"May 15, 2022"
1982 BMW R100RT 980CC,TMU,"Peterborough, GBR","£1,125
SOLD",Silverstone (UK),Auction,"May 15, 2022"
1956 BMW R26,TMU,"British Columbia, CAN","$6,700
SOLD",Bring a Trailer,Auction,"May 15, 2022"
1972 BMW R75/5,TMU,"Montgomery County, TX, USA","$7,101
SOLD",Bring a Trailer,Auction,"May 14, 2022"
1981 BMW R65,"16,000 mi","Town of Grand Island, NY, USA","$5,000
SOLD",Bring a Trailer,Auction,"May 12, 2022"
1974 BMW R90/6,"30,000 mi","Rapid City, SD, USA","$6,600
SOLD",Bring a Trailer,Auction,"May 8, 2022"
1963 BMW R50/2,"41,000 mi","Great Barrington, MA, USA","$23,025
SOLD",Bring a Trailer,Auction,"May 8, 2022"
1977 BMW R75/7,TMU,"Petersburg, VA, USA","$4,750
SOLD",Bring a Trailer,Auction,"May 7, 2022"
1965 BMW R50/2,TMU,"New Orleans, LA, USA","$9,999
SOLD",Bring a Trailer,Auction,"May 6, 2022"
1994 BMW R100R Mystic,783 mi,"North Carolina, USA","$6,750
SOLD",The Market by Bonhams,Auction,"May 3, 2022"
1987 BMW K75S,"11,000 mi","Woodbridge, VA, USA","$5,550
SOLD",Bring a Trailer,Auction,"May 1, 2022"
1988 BMW R100RS,TMU,"Sag Harbor, NY, USA","$7,500
SOLD",Bring a Trailer,Auction,"May 1, 2022"
1993 BMW R100GS,"42,000 mi","Salem, OR, USA","$5,700
SOLD",Bring a Trailer,Auction,"Apr 30, 2022"
1976 BMW R90S,"26,000 mi","Fort Collins, CO, USA","$21,500
SOLD",Bring a Trailer,Auction,"Apr 25, 2022"
2017 BMW S 1000 RR,919 mi · Original & Highly Original,"Thatcham, GBR","£9,000
SOLD",Collecting Cars,Auction,"Apr 24, 2022"
1984 BMW R100RS,"61,000 mi","Anne Arundel County, MD, USA","$6,900
SOLD",Bring a Trailer,Auction,"Apr 24, 2022"
1961 BMW 594CC R69S Project,Project,"Stafford, GBR","£9,660
SOLD",Bonhams,Auction,"Apr 23, 2022"
1984 BMW 473CC R45,,"Stafford, GBR","£1,092
SOLD",Bonhams,Auction,"Apr 23, 2022"
1965 BMW 594CC R69S,,"Stafford, GBR","£13,800
SOLD",Bonhams,Auction,"Apr 23, 2022"
1982 BMW 980CC R100RS,"60,952 mi","Stafford, GBR","£1,035
SOLD",Bonhams,Auction,"Apr 23, 2022"
1941 BMW 745CC R12,,"Stafford, GBR","£26,450
SOLD",Bonhams,Auction,"Apr 23, 2022"
1969 BMW 590CC R60,,"Stafford, GBR","£9,200
SOLD",Bonhams,Auction,"Apr 23, 2022"
1986 BMW 650CC R65,,"Stafford, GBR","£2,185
SOLD",Bonhams,Auction,"Apr 23, 2022"
1973 BMW 745CC R75/5,,"Stafford, GBR","£4,830
SOLD",Bonhams,Auction,"Apr 23, 2022"
1981 BMW 980CC R100RS Krauser Sports,,"Stafford, GBR","£5,980
SOLD",Bonhams,Auction,"Apr 23, 2022"
1967 BMW R69S,"4,300 mi","San Mateo County, CA, USA","$23,000
SOLD",Bring a Trailer,Auction,"Apr 23, 2022"
1973 BMW R75/5 LWB,TMU,"Indianapolis, IN, USA","$7,000
SOLD",Bring a Trailer,Auction,"Apr 22, 2022"
1973 BMW R75/5,TMU,"Scottsdale, AZ, USA","$9,000
SOLD",Bring a Trailer,Auction,"Apr 20, 2022"
1991 BMW R100RT,"33,000 mi","Hutto, TX, USA","$6,300
SOLD",Bring a Trailer,Auction,"Apr 19, 2022"
1976 BMW R90S,"37,000 mi","Scottsdale, AZ, USA","$10,000
SOLD",Bring a Trailer,Auction,"Apr 19, 2022"
1993 BMW R100GS PD,"45,000 mi","Millbrae, CA, USA","$9,100
SOLD",Bring a Trailer,Auction,"Apr 19, 2022"
1958 BMW R50 w/Steib Sidecar,TMU,"Windsor, CA, USA","$25,000
SOLD",Bring a Trailer,Auction,"Apr 16, 2022"
2004 BMW R1150GS Adventure,"69,000 mi","Los Angeles, CA, USA","$6,500
SOLD",Bring a Trailer,Auction,"Apr 16, 2022"
1977 BMW R100S,"38,000 mi","Rutherford College, NC, USA","$7,800
SOLD",Bring a Trailer,Auction,"Apr 13, 2022"
1974 BMW R90S,"3,014 mi","Fort Lauderdale, FL, USA",SOLD,Motorcar Gallery,Fixed-price,"Apr 12, 2022"
2000 BMW R1150GS,"7,000 mi · Manual","Westchester County, NY, USA","$6,450
SOLD",Bring a Trailer,Auction,"Apr 11, 2022"
2000 BMW K1200LT,"3,000 mi","Westchester County, NY, USA","$10,000
SOLD",Bring a Trailer,Auction,"Apr 10, 2022"
1955 BMW R50 w/Steib Sidecar,TMU,"Portland, OR, USA","$15,000
SOLD",Bring a Trailer,Auction,"Apr 9, 2022"
1969 BMW R60US,"33,000 mi","Charleston, SC, USA","$19,000
SOLD",Bring a Trailer,Auction,"Apr 8, 2022"
2001 BMW R1200C Phoenix,"19,000 mi","Burbank, CA, USA","$6,000
SOLD",Bring a Trailer,Auction,"Apr 5, 2022"
1976 BMW R90S,"73,000 mi","Miami, FL, USA","$30,250
SOLD",Bring a Trailer,Auction,"Apr 4, 2022"
1994 BMW R100GS Paris-Dakar,"55,000 mi","Fort Smith, AR, USA","$7,300
SOLD",Bring a Trailer,Auction,"Apr 3, 2022"
2000 BMW K1200RS,"2,400 mi","Westchester County, NY, USA","$9,000
SOLD",Bring a Trailer,Auction,"Apr 3, 2022"
1975 BMW R90/6,TMU,"Hendersonville, NC, USA","$9,331
SOLD",Bring a Trailer,Auction,"Mar 31, 2022"
1977 BMW R100S,"6,000 mi","Miami, FL, USA","$7,200
SOLD",Bring a Trailer,Auction,"Mar 30, 2022"
1966 BMW R69S,"5,952 mi · Manual","Philadelphia, PA, USA","$17,500
SOLD",Marqued,Auction,"Mar 29, 2022"
1974 BMW R90/6,,"Philadelphia, PA, USA",SOLD,LBI Limited,Fixed-price,"Mar 25, 2022"
1996 BMW R1100RT,"2,100 mi","Rowlett, TX, USA","$12,250
SOLD",Bring a Trailer,Auction,"Mar 25, 2022"
1975 BMW R75/6,"23,000 mi","Saint Louis, MO, USA","$8,000
SOLD",Bring a Trailer,Auction,"Mar 24, 2022"
1975 BMW R75/6,"42,000 mi","Atlanta, GA, USA","$6,200
SOLD",Bring a Trailer,Auction,"Mar 17, 2022"
1977 BMW R100S,TMU,"Portland, OR, USA","$6,500
SOLD",Bring a Trailer,Auction,"Mar 16, 2022"
1969 BMW R60US,"21,000 mi","Kendallville, IN, USA","$15,000
SOLD",Bring a Trailer,Auction,"Mar 16, 2022"
1980 BMW R100,,"Glendale, AZ, USA","$3,000
SOLD",Mecum,Auction,"Mar 16, 2022"
1962 BMW R50S,TMU · Manual · Restored-Original,"Coronado, CA, USA","$39,000
SOLD",Bring a Trailer,Auction,"Mar 13, 2022"
1983 BMW R100RS,"67,000 mi","Great Falls, MT, USA","$8,300
SOLD",Bring a Trailer,Auction,"Mar 13, 2022"
1995 BMW R100GS Paris-Dakar,"9,000 mi","Maricopa County, AZ, USA","$32,500
SOLD",Bring a Trailer,Auction,"Mar 12, 2022"
1965 BMW R50/2 w/Globe Sidecar,TMU,"Portland, OR, USA","$30,000
SOLD",Bring a Trailer,Auction,"Mar 12, 2022"
1976 BMW R90S,TMU · Manual,"Encinitas, CA, USA","$60,000
SOLD",Bring a Trailer,Auction,"Mar 9, 2022"
1958 BMW R50,TMU,"Olathe, KS, USA","$4,544
SOLD",Bring a Trailer,Auction,"Mar 8, 2022"
1969 BMW R69S,"43,000 mi","Bainbridge Island, WA, USA","$15,801
SOLD",Bring a Trailer,Auction,"Mar 7, 2022"
1973 BMW R75/5,"65,000 mi","San Rafael, CA, USA","$5,600
SOLD",Bring a Trailer,Auction,"Mar 7, 2022"
1961 BMW R69S,TMU,"Jasper, IN, USA","$25,000
SOLD",Bring a Trailer,Auction,"Feb 28, 2022"
1957 BMW R26,331 mi,"Thessaloniki, GRC","€6,400
SOLD",Collecting Cars,Auction,"Feb 27, 2022"
1973 BMW R75/5,"37,000 mi","Suffolk County, NY, USA","$9,100
SOLD",Bring a Trailer,Auction,"Feb 27, 2022"
1954 BMW R68,TMU,"Indianapolis, IN, USA","$54,000
SOLD",Bring a Trailer,Auction,"Feb 21, 2022"
1982 BMW R65LS,"7,000 mi","New York, NY, USA","$16,500
SOLD",Bring a Trailer,Auction,"Feb 21, 2022"
2016 BMW S 1000 RR Tyco,"4,259 mi · Original & Highly Original","Londonderry/Derry, GBR","£17,250
SOLD",Collecting Cars,Auction,"Feb 20, 2022"
1962 BMW R50S,TMU,"Indianapolis, IN, USA","$26,000
SOLD",Bring a Trailer,Auction,"Feb 17, 2022"
1993 BMW K75,"26,000 mi","Town of Grand Island, NY, USA","$5,100
SOLD",Bring a Trailer,Auction,"Feb 16, 2022"
1968 BMW R60/2,"36,000 mi · Manual","Sinking Spring, PA, USA","$12,610
SOLD",Bring a Trailer,Auction,"Feb 16, 2022"
1978 BMW R100S,TMU,"Cochise County, AZ, USA","$10,000
SOLD",Bring a Trailer,Auction,"Feb 14, 2022"
1975 BMW R60/6 599CC,TMU,"London, GBR","£2,812
SOLD",Silverstone (UK),Auction,"Feb 12, 2022"
1982 BMW R65 Custom (2019) 650CC,TMU,"London, GBR","£10,687
SOLD",Silverstone (UK),Auction,"Feb 12, 2022"
1981 BMW R100RS,TMU,"Seattle, WA, USA","$6,800
SOLD",Bring a Trailer,Auction,"Feb 12, 2022"
1978 BMW R100S Motorsport Edition,"57,000 mi","Longmont, CO, USA","$6,700
SOLD",Bring a Trailer,Auction,"Feb 8, 2022"
1986 BMW R80RT Monolever,TMU,"Carroll County, NH, USA","$8,350
SOLD",Bring a Trailer,Auction,"Feb 6, 2022"
1963 BMW R60/2,"35,000 mi","Vero Beach, FL, USA","$12,000
SOLD",Bring a Trailer,Auction,"Feb 5, 2022"
1972 BMW R60/5,"53,000 mi","New York, NY, USA","$8,000
SOLD",Bring a Trailer,Auction,"Jan 30, 2022"
1963 BMW R69S,TMU,"Oconee County, GA, USA","$20,750
SOLD",Bring a Trailer,Auction,"Jan 26, 2022"
1979 BMW R65,TMU,"New Orleans, LA, USA","$4,700
SOLD",Bring a Trailer,Auction,"Jan 26, 2022"
1989 BMW R100GS,"35,000 mi","Fort Collins, CO, USA","$9,588
SOLD",Bring a Trailer,Auction,"Jan 25, 2022"
1992 BMW R100R,TMU,"New York, NY, USA","$7,600
SOLD",Bring a Trailer,Auction,"Jan 23, 2022"
1983 BMW R100RS,"54,000 mi","Los Angeles, CA, USA","$12,250
SOLD",Bring a Trailer,Auction,"Jan 20, 2022"
1960 BMW R60,TMU · Manual,"Indianapolis, IN, USA","$17,260
SOLD",Bring a Trailer,Auction,"Jan 20, 2022"
2008 BMW K 1200 With Sidecar,,"Kissimmee, FL, USA","$11,000
SOLD",Mecum,Auction,"Jan 11, 2022"
2014 BMW R Nine T Sport Custom,"4,460 mi","Exeter, GBR","£12,500
SOLD",Collecting Cars,Auction,"Jan 10, 2022"
1969 BMW R60US,TMU,"Williamson County, IL, USA","$10,100
SOLD",Bring a Trailer,Auction,"Jan 10, 2022"
1964 BMW R69S,TMU,"Neenah, WI, USA","$25,000
SOLD",Bring a Trailer,Auction,"Jan 7, 2022"
1965 BMW R27,"31,000 mi","Northbrook, IL, USA","$11,000
SOLD",Bring a Trailer,Auction,"Jan 7, 2022"
1982 BMW R100RT,TMU · Manual,"Denver, CO, USA","$5,850
SOLD",Hemmings,Auction,"Jan 6, 2022"
1976 BMW R75/6,"26,000 mi","Gilbert, AZ, USA","$7,500
SOLD",Bring a Trailer,Auction,"Jan 6, 2022"
1985 BMW K100,,"Kissimmee, FL, USA","$2,500
SOLD",Mecum,Auction,"Jan 6, 2022"
1966 BMW R60/2 w/Steib LS200 Sidecar,TMU,"Austin, TX, USA","$33,500
SOLD",Bring a Trailer,Auction,"Jan 2, 2022"
1972 BMW R75/5,TMU,"Los Angeles, CA, USA","$7,500
SOLD",Bring a Trailer,Auction,"Dec 30, 2021"
1972 BMW R75/5,TMU,"Sarasota, FL, USA","$14,505
SOLD",Bring a Trailer,Auction,"Dec 29, 2021"
1991 BMW R100GS,"42,000 mi","Centerville, UT, USA","$5,100
SOLD",Bring a Trailer,Auction,"Dec 28, 2021"
1978 BMW R100S,TMU,"Kenner, LA, USA","$9,800
SOLD",Bring a Trailer,Auction,"Dec 23, 2021"
1991 BMW R100GS,"68,000 mi","Louisville, KY, USA","$6,250
SOLD",Bring a Trailer,Auction,"Dec 20, 2021"
1976 BMW R75/6,TMU,"Bristol, CT, USA","$6,500
SOLD",Bring a Trailer,Auction,"Dec 15, 2021"
1964 BMW R69S,"21,000 mi · Manual","Belknap County, NH, USA","$24,250
SOLD",Bring a Trailer,Auction,"Dec 5, 2021"
1976 BMW R90/6,"60,000 mi","Los Angeles, CA, USA","$7,500
SOLD",Bring a Trailer,Auction,"Dec 3, 2021"
1983 BMW R80G/S Paris-Dakar,"3,400 mi","Fredericksburg, VA, USA","$36,000
SOLD",Bring a Trailer,Auction,"Dec 2, 2021"
1988 BMW K75C,"41,000 mi","Outagamie County, WI, USA","$6,400
SOLD",Bring a Trailer,Auction,"Nov 26, 2021"
1973 BMW R75/5,TMU,"Seattle, WA, USA","$6,000
SOLD",Bring a Trailer,Auction,"Nov 26, 2021"
1973 BMW R75/5,"40,000 mi","Jackson, CA, USA","$5,100
SOLD",Bring a Trailer,Auction,"Nov 26, 2021"
1989 BMW R100GS,"57,000 mi","White Stone, VA, USA","$8,300
SOLD",Bring a Trailer,Auction,"Nov 23, 2021"
1984 BMW R80 g/s,"55,000 mi","Great Barrington, MA, USA","$11,500
SOLD",Bring a Trailer,Auction,"Nov 21, 2021"
1969 BMW R60US,"24,000 mi","Ottawa County, MI, USA","$9,500
SOLD",Bring a Trailer,Auction,"Nov 18, 2021"
1967 BMW R50/2,TMU · Manual,"San Mateo County, CA, USA","$13,250
SOLD",Bring a Trailer,Auction,"Nov 17, 2021"
1954 BMW R25/3,"17,000 km (10,563 mi)","Palisades, NY, USA","$11,503
SOLD",Bring a Trailer,Auction,"Nov 16, 2021"
1981 BMW R100RT,TMU,"Birmingham, GBR","£4,500
SOLD",Silverstone (UK),Auction,"Nov 12, 2021"
1977 BMW R100S,TMU,"Birmingham, GBR","£6,187
SOLD",Silverstone (UK),Auction,"Nov 12, 2021"
1977 BMW R100RS,TMU,"Birmingham, GBR","£4,837
SOLD",Silverstone (UK),Auction,"Nov 12, 2021"
1984 BMW R100CS Last Edition,"11,000 mi","Ulster County, NY, USA","$8,700
SOLD",Bring a Trailer,Auction,"Nov 9, 2021"
1983 BMW R100RS,"35,000 mi · Manual","Los Angeles, CA, USA","$10,850
SOLD",Bring a Trailer,Auction,"Nov 5, 2021"
1967 BMW R60/2,TMU,"Albuquerque, NM, USA","$15,500
SOLD",Bring a Trailer,Auction,"Nov 3, 2021"
1977 BMW R100RS,"75,000 mi","Bucks County, PA, USA","$7,000
SOLD",Bring a Trailer,Auction,"Nov 3, 2021"
1961 BMW R69S,TMU · Manual,"Weaverville, NC, USA","$28,000
SOLD",Bring a Trailer,Auction,"Nov 1, 2021"
1968 BMW R69US,"37,000 mi · Manual","North Port, FL, USA","$14,075
SOLD",Bring a Trailer,Auction,"Oct 30, 2021"
1967 BMW R50/2,"40,000 mi","Plymouth County, MA, USA","$16,500
SOLD",Bring a Trailer,Auction,"Oct 30, 2021"
2016 BMW S1000XR,TMU,"Leeds, AL, USA","$8,750
SOLD",Henderson Motor Series,Auction,"Oct 30, 2021"
1956 BMW R26,"10,139 mi","Solihull, GBR","£7,130
SOLD",H&H Auctioneers UK,Auction,"Oct 27, 2021"
2004 BMW R1150R,,"Solihull, GBR","£4,370
SOLD",H&H Auctioneers UK,Auction,"Oct 27, 2021"
1976 BMW R100S,,"Solihull, GBR","£5,290
SOLD",H&H Auctioneers UK,Auction,"Oct 27, 2021"
1975 BMW R60/6,"70,174 mi","Solihull, GBR","£2,070
SOLD",H&H Auctioneers UK,Auction,"Oct 27, 2021"
1990 BMW R80GS,TMU,"Solihull, GBR","£3,450
SOLD",H&H Auctioneers UK,Auction,"Oct 27, 2021"
1991 BMW K1000LT,"67,834 km (42,150 mi)","Solihull, GBR","£1,150
SOLD",H&H Auctioneers UK,Auction,"Oct 27, 2021"
1975 BMW R75/6,"95,000 mi · Manual","Aliso Viejo, CA, USA","$6,200
SOLD",Bring a Trailer,Auction,"Oct 27, 2021"
1966 BMW R69S,"53,000 mi","Danville, CA, USA","$16,000
SOLD",Bring a Trailer,Auction,"Oct 25, 2021"
1982 BMW R65,"30,000 mi","Outagamie County, WI, USA","$6,000
SOLD",Bring a Trailer,Auction,"Oct 25, 2021"
1994 BMW R100GS,"24,000 mi","Vero Beach, FL, USA","$15,000
SOLD",Bring a Trailer,Auction,"Oct 22, 2021"
1996 BMW R1100RT,"114,000 km (70,836 mi) · Manual","Montreal, QC, CAN","CAD5,000
SOLD",Fast Car Bids,Auction,"Oct 22, 2021"
1984 BMW R100S Last Edition,"39,000 mi","Novato, CA, USA","$9,500
SOLD",Bring a Trailer,Auction,"Oct 19, 2021"
1974 BMW R90/6,TMU,"Washington Court House, OH, USA","$17,000
SOLD",Bring a Trailer,Auction,"Oct 19, 2021"
1973 BMW R75/5,TMU · Manual,"Outagamie County, WI, USA","$8,300
SOLD",Bring a Trailer,Auction,"Oct 18, 2021"
2016 BMW F700,,"Chattanooga, TN, USA","$7,425
SOLD",Mecum,Auction,"Oct 15, 2021"
1988 BMW K75C,"41,000 mi","Outagamie County, WI, USA","$6,500
SOLD",Bring a Trailer,Auction,"Oct 15, 2021"
1966 BMW R50/2 w/Royal Sidecar,TMU,"Wimberley, TX, USA","$43,250
SOLD",Bring a Trailer,Auction,"Oct 12, 2021"
2004 BMW R1100S,"7,000 mi","Tucson, AZ, USA","$6,800
SOLD",Bring a Trailer,Auction,"Oct 12, 2021"
1978 BMW R80/7,TMU,"Boca Raton, FL, USA","$20,000
SOLD",Bring a Trailer,Auction,"Oct 12, 2021"
2002 BMW R1200C,237 mi,"Fountain Hills, AZ, USA","$15,500
SOLD",Bring a Trailer,Auction,"Oct 11, 2021"
1971 BMW R50/5,"20,000 mi · Manual","Nederland, CO, USA","$7,000
SOLD",Bring a Trailer,Auction,"Oct 10, 2021"
1964 BMW R50/2,"41,000 mi · Manual","Charleston, SC, USA","$13,300
SOLD",Bring a Trailer,Auction,"Oct 9, 2021"
1956 BMW 257CC R26,,"Stafford, GBR","£4,830
SOLD",Bonhams,Auction,"Oct 9, 2021"
1979 BMW 785CC R80/7 Project,Project,"Stafford, GBR","£1,035
SOLD",Bonhams,Auction,"Oct 9, 2021"
2003 BMW 176CC C1 'Family Friend',,"Stafford, GBR","£1,495
SOLD",Bonhams,Auction,"Oct 9, 2021"
1980 BMW 650CC R65,,"Stafford, GBR","£2,300
SOLD",Bonhams,Auction,"Oct 9, 2021"
1968 BMW R69S,"45,000 mi","Maple Ridge, BC, CAN","$17,500
SOLD",Bring a Trailer,Auction,"Oct 8, 2021"
2021 BMW S1000RR Premium Race Package,"1,503 mi","Murrieta, CA, USA",SOLD,West Coast Exotic Cars,Fixed-price,"Oct 7, 2021"
2008 BMW R1200R,"7,000 mi","Outagamie County, WI, USA","$6,500
SOLD",Bring a Trailer,Auction,"Oct 5, 2021"
1965 BMW R50/2,TMU,"Westerly, RI, USA","$18,600
SOLD",Bring a Trailer,Auction,"Oct 4, 2021"
1964 BMW R50/2,TMU · Manual,"Charleston, SC, USA","$18,000
SOLD",Bring a Trailer,Auction,"Oct 2, 2021"
1967 BMW R69S,"36,000 mi · Manual","Lake Worth Beach, FL, USA","$11,500
SOLD",Bring a Trailer,Auction,"Sep 30, 2021"
1974 BMW R90/6,"31,000 mi · Manual","Charleston, SC, USA","$9,100
SOLD",Bring a Trailer,Auction,"Sep 25, 2021"
1976 BMW R90/6,"60,000 mi · Manual","Los Angeles, CA, USA","$7,250
SOLD",Bring a Trailer,Auction,"Sep 21, 2021"
1957 BMW R50,TMU,"Miami, FL, USA","$24,000
SOLD",Bring a Trailer,Auction,"Sep 19, 2021"
1990 BMW K1,"5,000 mi","Canaan, CT, USA","$13,631
SOLD",Bring a Trailer,Auction,"Sep 17, 2021"
1953 BMW R51/3 w/Steib Sidecar,TMU,"Ukiah, CA, USA","$18,500
SOLD",Bring a Trailer,Auction,"Sep 15, 2021"
1974 BMW R90/6,"35,000 mi","Westerly, RI, USA","$3,600
SOLD",Bring a Trailer,Auction,"Sep 15, 2021"
1971 BMW R60/5,"81,000 mi","Monroe County, NY, USA","$5,400
SOLD",Bring a Trailer,Auction,"Sep 12, 2021"
1966 BMW R60/2,TMU,"Charleston, SC, USA","$29,850
SOLD",Bring a Trailer,Auction,"Sep 11, 2021"
1958 BMW R50 w/Steib Sidecar,TMU,"Santa Barbara, CA, USA","$22,000
SOLD",Bring a Trailer,Auction,"Sep 8, 2021"
1967 BMW R69S,TMU,"Coronado, CA, USA","$45,250
SOLD",Bring a Trailer,Auction,"Sep 5, 2021"
1962 BMW R60/2 Motorcycle,304 mi,"Auburn, IN, USA","$9,520
SOLD",Worldwide Auctioneers,Auction,"Sep 4, 2021"
1965 BMW R27,"20,000 mi","Charleston, SC, USA","$22,727
SOLD",Bring a Trailer,Auction,"Sep 4, 2021"
1967 BMW R69S,TMU,"Redmond, OR, USA","$17,750
SOLD",Bring a Trailer,Auction,"Sep 1, 2021"
1966 BMW R27 Motorcycle With Steib Sidecar,TMU,"Johnson City, TN, USA","$18,750
SOLD",Bring a Trailer,Auction,"Sep 1, 2021"
1988 BMW R100GS,TMU,"Oakland, CA, USA","$10,000
SOLD",Bring a Trailer,Auction,"Aug 30, 2021"
1978 BMW R100/7,TMU,"Bucks County, PA, USA","$21,000
SOLD",Bring a Trailer,Auction,"Aug 27, 2021"
1955 BMW R50,TMU,"Downey, CA, USA","$12,888
SOLD",Bring a Trailer,Auction,"Aug 26, 2021"
1964 BMW R69S,"14,000 mi","Brentwood, TN, USA","$34,760
SOLD",Bring a Trailer,Auction,"Aug 25, 2021"
1990 BMW R100GS,"54,000 mi","Denver, CO, USA","$16,000
SOLD",Bring a Trailer,Auction,"Aug 23, 2021"
1966 BMW R50/2,"49,000 mi","Boston, MA, USA","$10,510
SOLD",Bring a Trailer,Auction,"Aug 19, 2021"
1939 BMW R51,TMU,"Galt, CA, USA","$36,000
SOLD",Bring a Trailer,Auction,"Aug 14, 2021"
1972 BMW R75/5,TMU,"Monterey County, CA, USA","$12,100
SOLD",Mecum,Auction,"Aug 13, 2021"
1981 BMW R80 g/s,TMU,"Los Angeles, CA, USA","$24,000
SOLD",Bring a Trailer,Auction,"Aug 11, 2021"
1984 BMW R100,"16,000 mi","San Miguel County, NM, USA","$9,400
SOLD",Bring a Trailer,Auction,"Aug 9, 2021"
1999 BMW K1200RS,"15,364 mi","Brechin, GBR","£1,750
SOLD",Collecting Cars,Auction,"Aug 6, 2021"
1997 BMW R1200C,"8,713 mi","Brechin, GBR","£4,400
SOLD",Collecting Cars,Auction,"Aug 6, 2021"
1976 BMW R90/6,"22,000 mi","Golden, CO, USA","$3,475
SOLD",Bring a Trailer,Auction,"Aug 6, 2021"
1988 BMW R100GS,"41,000 mi","Los Angeles, CA, USA","$9,500
SOLD",Bring a Trailer,Auction,"Aug 6, 2021"
1967 BMW R69S,TMU,"Northbrook, IL, USA","$33,000
SOLD",Bring a Trailer,Auction,"Aug 3, 2021"
1992 BMW R100GS Paris-Dakar,"23,000 mi","Simi Valley, CA, USA","$12,850
SOLD",Bring a Trailer,Auction,"Aug 2, 2021"
1985 BMW K100RT 'Cafe Racer',199 km (124 mi),"London, GBR","£5,000
SOLD",Collecting Cars,Auction,"Aug 1, 2021"
1951 BMW R35 350,,United Kingdom,"£11,475
SOLD",Silverstone (UK),Auction,"Jul 30, 2021"
1983 BMW R80ST,TMU,"Minneapolis, MN, USA","$15,750
SOLD",Bring a Trailer,Auction,"Jul 30, 2021"
1976 BMW R90/6,"74,000 mi","Linn County, IA, USA","$11,500
SOLD",Bring a Trailer,Auction,"Jul 30, 2021"
1992 BMW K1,"35,061 mi","Oakville, ON, CAN","$5,750
SOLD",PCARMARKET,Fixed-price,"Jul 23, 2021"
1962 BMW R50/2,TMU,"Miami, FL, USA","$13,750
SOLD",Bring a Trailer,Auction,"Jul 22, 2021"
1977 BMW R100/7,"62,000 mi","Hillsboro, OR, USA","$4,600
SOLD",Bring a Trailer,Auction,"Jul 21, 2021"
1980 BMW R100RS,"1,700 mi","Escondido, CA, USA","$5,700
SOLD",Bring a Trailer,Auction,"Jul 13, 2021"
1965 BMW R69S,TMU,"Weston, CT, USA","$17,003
SOLD",Bring a Trailer,Auction,"Jul 12, 2021"
2012 BMW K1600GT,,"Los Angeles, CA, USA","$6,325
SOLD",Bonhams,Auction,"Jul 8, 2021"
2008 BMW R1200S - HP2,,"Los Angeles, CA, USA","$13,800
SOLD",Bonhams,Auction,"Jul 8, 2021"
1964 BMW R502 With Steib S350 Sidecar,,"Los Angeles, CA, USA","$15,000
SOLD",Bonhams,Auction,"Jul 8, 2021"
1973 BMW R75/5,TMU,"Nashville, TN, USA","$5,100
SOLD",Bring a Trailer,Auction,"Jul 7, 2021"
1963 BMW R69S,TMU,"Portland, OR, USA","$30,700
SOLD",Bring a Trailer,Auction,"Jul 1, 2021"
1978 BMW R100S,"44,000 mi","Bastrop County, TX, USA","$8,400
SOLD",Bring a Trailer,Auction,"Jul 1, 2021"
2019 BMW Nostalgia,53 mi,"Naples, FL, USA","$23,400
SOLD",RM Sotheby's,Auction,"Jun 30, 2021"
1969 BMW R75/5,TMU,"Omaha, NE, USA","$5,875
SOLD",Bring a Trailer,Auction,"Jun 30, 2021"
1966 BMW R50/2,TMU · Manual,"Portland, OR, USA","$12,500
SOLD",Bring a Trailer,Auction,"Jun 28, 2021"
1957 BMW R26,TMU · Manual · Restored-Original,"Great Barrington, MA, USA","$29,000
SOLD",Bring a Trailer,Auction,"Jun 27, 2021"
1966 BMW R60/2,TMU · Manual,"Bucks County, PA, USA","$10,750
SOLD",Bring a Trailer,Auction,"Jun 24, 2021"
1972 BMW R75/5,TMU,"Jefferson Parish, LA, USA","$8,200
SOLD",Bring a Trailer,Auction,"Jun 23, 2021"
1966 BMW R50/2,"32,000 mi","Indianapolis, IN, USA","$8,300
SOLD",Bring a Trailer,Auction,"Jun 21, 2021"
1988 BMW R100RT,"22,000 mi","Chesterfield, MO, USA","$8,000
SOLD",Bring a Trailer,Auction,"Jun 21, 2021"
1968 BMW R50/2,,"Neuilly-sur-Seine, FRA","€8,738
SOLD",Aguttes,Auction,"Jun 20, 2021"
1976 BMW R75/6,"3,004 mi","North Palm Beach, FL, USA","$8,800
SOLD",Hemmings,Auction,"Jun 18, 2021"
1974 BMW R90/6,"59,000 mi","Miami, FL, USA","$7,800
SOLD",Bring a Trailer,Auction,"Jun 18, 2021"
1980 BMW R65,"17,000 mi","Vero Beach, FL, USA","$4,600
SOLD",Bring a Trailer,Auction,"Jun 17, 2021"
1975 BMW R75/6,TMU · Manual,"Humboldt County, CA, USA","$5,322
SOLD",Bring a Trailer,Auction,"Jun 16, 2021"
1966 BMW R69S,TMU,"Los Angeles, CA, USA","$16,350
SOLD",Bring a Trailer,Auction,"Jun 15, 2021"
1968 BMW R50/2,"36,000 mi","Stockton, CA, USA","$12,020
SOLD",Bring a Trailer,Auction,"Jun 14, 2021"
1984 BMW R100CS Last Edition,"10,000 mi","Charleston, SC, USA","$25,000
SOLD",Bring a Trailer,Auction,"Jun 12, 2021"
2010 BMW HP2 Sport,"6,221 mi","Delaware County, PA, USA","$21,000
SOLD",PCARMARKET,Auction,"Jun 10, 2021"
1985 BMW R80RT Monolever,TMU,"Colleton County, SC, USA","$19,250
SOLD",Bring a Trailer,Auction,"Jun 10, 2021"
1968 BMW R50US,"44,517 mi · Manual","Berwick, ME, USA","$7,250
SOLD",PCARMARKET,Fixed-price,"Jun 9, 2021"
1994 BMW K75,TMU,"Burnet, TX, USA","$3,900
SOLD",Bring a Trailer,Auction,"Jun 8, 2021"
1975 BMW R90/6,"13,000 mi","Charleston, SC, USA","$18,906
SOLD",Bring a Trailer,Auction,"Jun 5, 2021"
1978 BMW R100/7,"28,000 mi","Baker County, OR, USA","$5,400
SOLD",Bring a Trailer,Auction,"Jun 1, 2021"
1969 BMW R60/2,TMU,"Carroll County, GA, USA","$17,500
SOLD",Bring a Trailer,Auction,"May 31, 2021"
1974 BMW R90/6,"15,000 mi","Portsmouth, NH, USA","$6,796
SOLD",Bring a Trailer,Auction,"May 31, 2021"
1983 BMW R100CS,"53,000 mi","Everett, MA, USA","$7,200
SOLD",Bring a Trailer,Auction,"May 30, 2021"
1974 BMW R75/6,"48,000 mi","Seattle, WA, USA","$9,000
SOLD",Bring a Trailer,Auction,"May 30, 2021"
2005 BMW R1100S Boxercup Replika,"6,000 mi","Erie County, NY, USA","$8,600
SOLD",Bring a Trailer,Auction,"May 27, 2021"
1964 BMW R60/2 w/Sidecar,TMU,"Glendale, CA, USA","$24,500
SOLD",Bring a Trailer,Auction,"May 26, 2021"
1995 BMW K1100 by Hellgate Moto,TMU,"New York, NY, USA","$19,250
SOLD",Bring a Trailer,Auction,"May 26, 2021"
1974 BMW R90S,"11,410 mi","Philadelphia, PA, USA",SOLD,LBI Limited,Fixed-price,"May 26, 2021"
1940 BMW R12,TMU,"Mechanicsville, VA, USA","$65,000
SOLD",Bring a Trailer,Auction,"May 25, 2021"
1995 BMW R100RT Classic,"7,000 mi · Manual","Scottsdale, AZ, USA","$12,250
SOLD",Bring a Trailer,Auction,"May 24, 2021"
1966 BMW R60/2,"31,000 mi · Manual","Palm Beach County, FL, USA","$20,250
SOLD",Bring a Trailer,Auction,"May 23, 2021"
1970 BMW R60/5,TMU,"Warwick, GBR","£5,400
SOLD",Silverstone (UK),Auction,"May 22, 2021"
1967 BMW R50/2,TMU,"Warwick, GBR","£6,300
SOLD",Silverstone (UK),Auction,"May 22, 2021"
2001 BMW R1150RS,TMU,"Warwick, GBR","£3,487
SOLD",Silverstone (UK),Auction,"May 22, 2021"
1971 BMW R50/5,TMU,"Ventura County, CA, USA","$7,300
SOLD",Bring a Trailer,Auction,"May 20, 2021"
1983 BMW R100RS,"51,000 mi","Novato, CA, USA","$7,600
SOLD",Bring a Trailer,Auction,"May 17, 2021"
1984 BMW R80ST,"62,000 mi · Manual","Highland Park, IL, USA","$7,500
SOLD",Bring a Trailer,Auction,"May 14, 2021"
1984 BMW R80RT w/Ural Sidecar,"97,000 mi","Shasta County, CA, USA","$22,000
SOLD",Bring a Trailer,Auction,"May 11, 2021"
1965 BMW R27,TMU,"Clayton, CA, USA","$19,000
SOLD",Bring a Trailer,Auction,"May 10, 2021"
1971 BMW R75/5,"68,000 mi","Portland, OR, USA","$13,500
SOLD",Bring a Trailer,Auction,"May 6, 2021"
1974 BMW R75/6 w/2015 Steib Sidecar,"59,000 mi","Hingham, MA, USA","$15,200
SOLD",Bring a Trailer,Auction,"May 3, 2021"
1969 BMW R-69S,"32,107 km (19,950 mi)","Las Vegas, NV, USA","$13,200
SOLD",Mecum,Auction,"May 1, 2021"
1965 BMW R50,,"Las Vegas, NV, USA","$9,900
SOLD",Mecum,Auction,"May 1, 2021"
1978 BMW R100RS Motorsport,"17,155 mi","Las Vegas, NV, USA","$9,075
SOLD",Mecum,Auction,"Apr 30, 2021"
1967 BMW R 69S,"28,611 mi","Las Vegas, NV, USA","$11,000
SOLD",Mecum,Auction,"Apr 30, 2021"
1958 BMW R69,,"Las Vegas, NV, USA","$20,900
SOLD",Mecum,Auction,"Apr 30, 2021"
1957 BMW R50,,"Las Vegas, NV, USA","$8,250
SOLD",Mecum,Auction,"Apr 30, 2021"
1968 BMW R50/2,TMU,"Las Vegas, NV, USA","$19,800
SOLD",Mecum,Auction,"Apr 30, 2021"
1927 BMW R47,,"Las Vegas, NV, USA","$81,400
SOLD",Mecum,Auction,"Apr 30, 2021"
1969 BMW R69S,TMU,"Chicago, IL, USA","$17,505
SOLD",Bring a Trailer,Auction,"Apr 30, 2021"
1994 BMW R1100 Rsl w/Abs,TMU,"Washington, DC, USA","$2,000
SOLD",Rad For Sale,Auction,"Apr 30, 2021"
1975 BMW R90S,,"Las Vegas, NV, USA","$9,570
SOLD",Mecum,Auction,"Apr 29, 2021"
1999 BMW R1200 C,110 mi,"Las Vegas, NV, USA","$4,620
SOLD",Mecum,Auction,"Apr 29, 2021"
2010 BMW K1300GT With Sidecar,"44,070 mi","Las Vegas, NV, USA","$13,200
SOLD",Mecum,Auction,"Apr 29, 2021"
1969 BMW R60US,,"Las Vegas, NV, USA","$15,400
SOLD",Mecum,Auction,"Apr 29, 2021"
1995 BMW R100 m/rs,"19,628 mi","Las Vegas, NV, USA","$4,400
SOLD",Mecum,Auction,"Apr 29, 2021"
1972 BMW R75/5,"47,894 mi","Las Vegas, NV, USA","$4,400
SOLD",Mecum,Auction,"Apr 29, 2021"
1974 BMW R90/6,,"Las Vegas, NV, USA","$5,170
SOLD",Mecum,Auction,"Apr 29, 2021"
1953 BMW R51/3,,"Las Vegas, NV, USA","$15,400
SOLD",Mecum,Auction,"Apr 29, 2021"
2008 BMW G650X,"4,224 mi","Las Vegas, NV, USA","$4,400
SOLD",Mecum,Auction,"Apr 28, 2021"
2002 BMW K1200LT,,"Las Vegas, NV, USA","$4,620
SOLD",Mecum,Auction,"Apr 28, 2021"
1993 BMW K1 Sport,,"Las Vegas, NV, USA","$3,300
SOLD",Mecum,Auction,"Apr 28, 2021"
1994 BMW R1100RS,,"Las Vegas, NV, USA","$2,860
SOLD",Mecum,Auction,"Apr 28, 2021"
2000 BMW R1150GS,"118,189 mi","Las Vegas, NV, USA","$2,090
SOLD",Mecum,Auction,"Apr 28, 2021"
1983 BMW R100RS,"48,000 km (29,826 mi)","Tisbury, MA, USA","$6,600
SOLD",Bring a Trailer,Auction,"Apr 28, 2021"
1965 BMW R50/2,"35,000 mi","Charleston, SC, USA","$23,002
SOLD",Bring a Trailer,Auction,"Apr 27, 2021"
1983 BMW R80ST,"28,000 mi","Scottsdale, AZ, USA","$6,300
SOLD",Bring a Trailer,Auction,"Apr 19, 2021"
1956 BMW R69,TMU,"Ocala, FL, USA","$7,000
SOLD",Bring a Trailer,Auction,"Apr 15, 2021"
1982 BMW R65LS,"27,000 mi","Novato, CA, USA","$6,250
SOLD",Bring a Trailer,Auction,"Apr 13, 2021"
2015 BMW R Nine T,350 mi,"Mesa, AZ, USA","$9,111
SOLD",Bring a Trailer,Auction,"Apr 9, 2021"
1999 BMW R1100S,"42,000 mi","Raleigh, NC, USA","$4,500
SOLD",Bring a Trailer,Auction,"Apr 8, 2021"
1965 BMW R27,"9,000 mi","Miami, FL, USA","$8,300
SOLD",Bring a Trailer,Auction,"Apr 6, 2021"
1961 BMW R50S,TMU,"Great Barrington, MA, USA","$38,750
SOLD",Bring a Trailer,Auction,"Apr 5, 2021"
1995 BMW R100GS Paris-Dakar,520 mi,"Sullivan County, NH, USA","$43,000
SOLD",Bring a Trailer,Auction,"Apr 1, 2021"
1974 BMW R90S,"23,000 mi","Miami County, OH, USA","$11,500
SOLD",Bring a Trailer,Auction,"Apr 1, 2021"
2016 BMW R Nine T,"2,000 mi","La Quinta, CA, USA","$11,500
SOLD",Bring a Trailer,Auction,"Mar 30, 2021"
1968 BMW R50/2,"44,000 mi","Charleston, SC, USA","$22,500
SOLD",Bring a Trailer,Auction,"Mar 27, 2021"
1983 BMW R100RS,"68,000 mi","Mesa, AZ, USA","$8,000
SOLD",Bring a Trailer,Auction,"Mar 26, 2021"
1974 BMW R90S Custom Motorcycle,"35,954 mi","Scottsdale, AZ, USA","$11,000
SOLD",Barrett-Jackson,Auction,"Mar 23, 2021"
1990 BMW K1 Motorcycle,"36,196 km (22,491 mi)","Scottsdale, AZ, USA","$6,050
SOLD",Barrett-Jackson,Auction,"Mar 23, 2021"
1980 BMW R65,TMU,"Los Angeles, CA, USA","$6,700
SOLD",Bring a Trailer,Auction,"Mar 22, 2021"
1969 BMW R60US,TMU,"McLean, VA, USA","$23,000
SOLD",Bring a Trailer,Auction,"Mar 21, 2021"
1971 BMW R50/5,"18,000 mi","Charleston, SC, USA","$9,600
SOLD",Bring a Trailer,Auction,"Mar 19, 2021"
1989 BMW R100GS,"32,000 mi","Vero Beach, FL, USA","$8,000
SOLD",Bring a Trailer,Auction,"Mar 16, 2021"
1969 BMW R60/2,"42,000 mi","Tisbury, MA, USA","$17,000
SOLD",Bring a Trailer,Auction,"Mar 9, 2021"
1971 BMW R75/5,TMU,"Atherton, CA, USA","$8,300
SOLD",Bring a Trailer,Auction,"Mar 3, 2021"
1963 BMW R60/2,TMU,"La Quinta, CA, USA","$21,250
SOLD",Bring a Trailer,Auction,"Mar 2, 2021"
1967 BMW R60/2,TMU,"Miami, FL, USA","$29,250
SOLD",Bring a Trailer,Auction,"Feb 23, 2021"
1984 BMW R100RT,"18,000 mi","Albuquerque, NM, USA","$9,300
SOLD",Bring a Trailer,Auction,"Feb 22, 2021"
1963 BMW R27,TMU,"Houston, TX, USA","$11,750
SOLD",Bring a Trailer,Auction,"Feb 18, 2021"
1975 BMW R90S,"26,000 mi","Austin, TX, USA","$14,500
SOLD",Bring a Trailer,Auction,"Feb 15, 2021"
1965 BMW R60/2,TMU,"San Francisco, CA, USA","$18,250
SOLD",Bring a Trailer,Auction,"Feb 15, 2021"
1977 BMW R100/7 w/Squire Sidecar,"68,000 km (42,253 mi)","Area H (Cultus Lake/Columbia Valley), BC, CAN","$8,500
SOLD",Bring a Trailer,Auction,"Feb 8, 2021"
1995 BMW R100GS PD,"31,000 mi","Miami, FL, USA","$15,500
SOLD",Bring a Trailer,Auction,"Feb 3, 2021"
1993 BMW R100R,TMU,"Colleton County, SC, USA","$23,000
SOLD",Bring a Trailer,Auction,"Feb 2, 2021"
1936 BMW R5,TMU,"Indianapolis, IN, USA","$34,000
SOLD",Bring a Trailer,Auction,"Feb 1, 2021"
1951 BMW R67,TMU,"Indianapolis, IN, USA","$20,000
SOLD",Bring a Trailer,Auction,"Jan 27, 2021"
1953 BMW R51/3,TMU,"Lenawee County, MI, USA","$26,250
SOLD",Bring a Trailer,Auction,"Jan 22, 2021"
1986 BMW R65,"18,000 mi","Union County, NJ, USA","$4,750
SOLD",Bring a Trailer,Auction,"Jan 19, 2021"
1954 BMW R67/2 w/Sidecar,TMU,"Miami, FL, USA","$20,500
SOLD",Bring a Trailer,Auction,"Jan 13, 2021"
1973 BMW R75/5,"33,000 mi","Sausalito, CA, USA","$6,150
SOLD",Bring a Trailer,Auction,"Jan 11, 2021"
1968 BMW R60/2,TMU,"Miami, FL, USA","$35,500
SOLD",Bring a Trailer,Auction,"Jan 11, 2021"
1980 BMW R100,TMU,"Akron, OH, USA","$10,000
SOLD",Bring a Trailer,Auction,"Jan 4, 2021"
1954 BMW R51/3,TMU,"Gilbert, AZ, USA","$31,000
SOLD",Bring a Trailer,Auction,"Dec 29, 2020"
1974 BMW R90/6,TMU,"Louisville, KY, USA","$4,250
SOLD",Bring a Trailer,Auction,"Dec 29, 2020"
1978 BMW R100RS Motorsport,800 mi,"Seattle, WA, USA","$20,250
SOLD",Bring a Trailer,Auction,"Dec 23, 2020"
1982 BMW R100T,"25,000 mi","Ventura County, CA, USA","$5,895
SOLD",Bring a Trailer,Auction,"Dec 21, 2020"
1992 BMW R100GS PD,"30,000 mi","Mesa, AZ, USA","$10,000
SOLD",Bring a Trailer,Auction,"Dec 18, 2020"
1977 BMW R100S,"61,000 mi","Bucks County, PA, USA","$6,600
SOLD",Bring a Trailer,Auction,"Dec 17, 2020"
1965 BMW R60/2,"44,000 mi","Osseo, MN, USA","$24,000
SOLD",Bring a Trailer,Auction,"Dec 16, 2020"
1975 BMW R90S,"91,000 mi","San Francisco, CA, USA","$6,000
SOLD",Bring a Trailer,Auction,"Dec 15, 2020"
2004 BMW R1100 S Boxercup Replica (Bcr),"27,650 mi","Halton, GBR","£3,710
SOLD",Collecting Cars,Auction,"Dec 15, 2020"
1961 BMW 594CC R60/2 & Steib S501 Motorcycle Combination,"48,191 mi","England, GBR","£9,775
SOLD",Bonhams,Auction,"Dec 12, 2020"
1951 BMW 494CC R51/2 Project,Project,"England, GBR","£5,750
SOLD",Bonhams,Auction,"Dec 12, 2020"
1943 BMW Motorcycle,,"Houston, TX, USA","$18,700
SOLD",Mecum,Auction,"Dec 5, 2020"
1989 BMW R100GS,"17,000 mi","Charleston, SC, USA","$13,750
SOLD",Bring a Trailer,Auction,"Dec 2, 2020"
1990 BMW K1,"20,000 mi","Santa Fe, NM, USA","$9,350
SOLD",Bring a Trailer,Auction,"Nov 30, 2020"
1973 BMW R75/5,"33,000 mi","Allegheny County, PA, USA","$6,100
SOLD",Bring a Trailer,Auction,"Nov 27, 2020"
1990 BMW K1,"37,000 km (22,991 mi)","Bellevue, WA, USA","$4,250
SOLD",Bring a Trailer,Auction,"Nov 20, 2020"
1976 BMW R75/6,"46,000 mi","Durham Township, PA, USA","$6,851
SOLD",Bring a Trailer,Auction,"Nov 20, 2020"
1956 BMW R26,600 mi,"San Marino, CA, USA","$12,300
SOLD",Bring a Trailer,Auction,"Nov 19, 2020"
1965 BMW R60/2,350 mi,"New Milford, CT, USA","$15,000
SOLD",Bring a Trailer,Auction,"Nov 17, 2020"
1968 BMW R60/2,"25,000 mi","Waldo County, ME, USA","$15,750
SOLD",Bring a Trailer,Auction,"Nov 10, 2020"
1979 BMW R100RT,"39,000 mi","Mansfield, TX, USA","$6,500
SOLD",Bring a Trailer,Auction,"Nov 9, 2020"
1967 BMW R50/2,"16,000 mi","Dallas, TX, USA","$8,750
SOLD",Bring a Trailer,Auction,"Nov 5, 2020"
1954 BMW R51/3,900 km (559 mi),"Pratt, KS, USA","$19,250
SOLD",Bring a Trailer,Auction,"Nov 4, 2020"
1965 BMW R60/2,180 km (112 mi),"Los Gatos, CA, USA","$17,500
SOLD",Bring a Trailer,Auction,"Nov 3, 2020"
2002 BMW R1150GS Adventure,"8,000 mi","Salem, OR, USA","$12,250
SOLD",Bring a Trailer,Auction,"Oct 30, 2020"
1959 BMW R69,TMU,"Philadelphia, PA, USA",SOLD,LBI Limited,Fixed-price,"Oct 30, 2020"
1969 BMW R60 With Sidecar,,"Indianapolis, IN, USA","$3,300
SOLD",Mecum,Auction,"Oct 29, 2020"
1972 BMW R75/5,"77,000 mi","Portland, OR, USA","$6,100
SOLD",Bring a Trailer,Auction,"Oct 28, 2020"
1964 BMW R60/2,"28,000 mi","Great Barrington, MA, USA","$16,000
SOLD",Bring a Trailer,Auction,"Oct 27, 2020"
1967 BMW R60/2,"38,040 mi","Elkhart, IN, USA","$19,200
SOLD",RM Sotheby's,Auction,"Oct 24, 2020"
2015 BMW R1200GS,"2,693 mi","Elkhart, IN, USA","$18,000
SOLD",RM Sotheby's,Auction,"Oct 24, 2020"
1966 BMW R27,"9,000 mi","Charleston, SC, USA","$19,000
SOLD",Bring a Trailer,Auction,"Oct 23, 2020"
1984 BMW R100RT,"38,000 mi","Lenexa, KS, USA","$5,001
SOLD",Bring a Trailer,Auction,"Oct 20, 2020"
1983 BMW R65LS,"8,000 mi","Winston-Salem, NC, USA","$8,000
SOLD",Bring a Trailer,Auction,"Oct 13, 2020"
1990 BMW K1,"25,000 mi","Mechanicsville, VA, USA","$12,500
SOLD",Bring a Trailer,Auction,"Oct 12, 2020"
1974 BMW R90S,"51,000 mi","Austin, TX, USA","$13,500
SOLD",Bring a Trailer,Auction,"Sep 29, 2020"
1990 BMW K1,"26,000 mi","Cheval, FL, USA","$8,800
SOLD",Bring a Trailer,Auction,"Sep 28, 2020"
2005 BMW R1200GS,"15,000 mi","Salem, OR, USA","$6,350
SOLD",Bring a Trailer,Auction,"Sep 23, 2020"
1953 BMW R25/2 w/Steib Sidecar,400 km (249 mi),"Glendale, CA, USA","$19,750
SOLD",Bring a Trailer,Auction,"Sep 23, 2020"
1934 BMW 398CC R4/4,,"District de Nyon, CHE","CHF11,500
SOLD",Bonhams,Auction,"Sep 20, 2020"
1976 BMW 898CC R90S,"14,930 km (9,277 mi)","District de Nyon, CHE","CHF16,100
SOLD",Bonhams,Auction,"Sep 20, 2020"
1982 BMW 980CC R100RS,"18,850 km (11,713 mi)","District de Nyon, CHE","CHF5,175
SOLD",Bonhams,Auction,"Sep 20, 2020"
1931 BMW 198CC R2,,"District de Nyon, CHE","CHF7,475
SOLD",Bonhams,Auction,"Sep 20, 2020"
1985 BMW 998CC K100RS,"54,096 km (33,614 mi)","District de Nyon, CHE","CHF1,380
SOLD",Bonhams,Auction,"Sep 20, 2020"
1954 BMW 250CC R25/3,,"District de Nyon, CHE","CHF5,175
SOLD",Bonhams,Auction,"Sep 20, 2020"
1952 BMW 247CC R25/2,,"District de Nyon, CHE","CHF5,175
SOLD",Bonhams,Auction,"Sep 20, 2020"
1956 BMW 594CC R69,"21,797 km (13,544 mi)","District de Nyon, CHE","CHF16,100
SOLD",Bonhams,Auction,"Sep 20, 2020"
1982 BMW 798CC R80G/S,"8,962 km (5,569 mi)","District de Nyon, CHE","CHF11,500
SOLD",Bonhams,Auction,"Sep 20, 2020"
1984 BMW 998CC K100RS,"86,501 km (53,749 mi)","District de Nyon, CHE","CHF805
SOLD",Bonhams,Auction,"Sep 20, 2020"
1929 BMW 735CC R11,,"District de Nyon, CHE","CHF26,450
SOLD",Bonhams,Auction,"Sep 20, 2020"
1991 BMW 798CC R80RT,"1,983 km (1,232 mi)","District de Nyon, CHE","CHF2,070
SOLD",Bonhams,Auction,"Sep 20, 2020"
1952 BMW 494CC R51/3,"40,117 km (24,928 mi)","District de Nyon, CHE","CHF9,775
SOLD",Bonhams,Auction,"Sep 20, 2020"
1978 BMW 980CC R100RS,"63,792 km (39,638 mi)","District de Nyon, CHE","CHF5,175
SOLD",Bonhams,Auction,"Sep 20, 2020"
1960 BMW R27,"79,000 km (49,088 mi)","Edmonton, AB, CAN","$6,950
SOLD",Bring a Trailer,Auction,"Sep 15, 2020"
1990 BMW K1,"19,000 mi","Keene, NH, USA","$12,500
SOLD",Bring a Trailer,Auction,"Sep 14, 2020"
1967 BMW R69S,"23,000 mi","Great Barrington, MA, USA","$23,750
SOLD",Bring a Trailer,Auction,"Sep 14, 2020"
1976 BMW R90/6,"64,000 mi","Rutherford County, NC, USA","$5,000
SOLD",Bring a Trailer,Auction,"Sep 11, 2020"
1971 BMW R75/5,"15,000 mi","Charleston, SC, USA","$22,000
SOLD",Bring a Trailer,Auction,"Sep 8, 2020"
1968 BMW R60/2,,"Kansas City, MO, USA","$24,500
SOLD",Bring a Trailer,Auction,"Sep 7, 2020"
1964 BMW R27,,"Etterbeek, BEL","€10,350
SOLD",Bonhams,Auction,"Sep 6, 2020"
1967 BMW R60/2,"24,000 mi","Charleston, SC, USA","$24,000
SOLD",Bring a Trailer,Auction,"Aug 31, 2020"
1964 BMW R27,"22,000 mi","Kansas City, MO, USA","$18,000
SOLD",Bring a Trailer,Auction,"Aug 28, 2020"
2004 BMW R1150GS,"22,000 mi","Salem, OR, USA","$7,100
SOLD",Bring a Trailer,Auction,"Aug 27, 2020"
1980 BMW R100RS,100 mi,"Topeka, KS, USA","$13,250
SOLD",Bring a Trailer,Auction,"Aug 26, 2020"
2001 BMW R1200C,"27,000 mi","Fort Myers, FL, USA","$5,200
SOLD",Bring a Trailer,Auction,"Aug 26, 2020"
1972 BMW R50/5,"77,000 mi","Corvallis, OR, USA","$5,400
SOLD",Bring a Trailer,Auction,"Aug 17, 2020"
1992 BMW R100GS,"10,000 mi","Salem, OR, USA","$9,700
SOLD",Bring a Trailer,Auction,"Aug 17, 2020"
1965 BMW R60/2,"25,000 mi","Stark County, OH, USA","$9,000
SOLD",Bring a Trailer,Auction,"Aug 14, 2020"
1959 BMW R26,,"Santa Rosa, CA, USA","$7,000
SOLD",Bring a Trailer,Auction,"Aug 13, 2020"
1986 BMW R65 Dutch Police Motorcycle,"25,000 km (15,534 mi)","Huntington, NY, USA","$9,500
SOLD",Bring a Trailer,Auction,"Aug 3, 2020"
1975 BMW R90/6,"15,000 mi","Northville Township, MI, USA","$9,600
SOLD",Bring a Trailer,Auction,"Jul 31, 2020"
1972 BMW R75/5,"11,500 mi","Overland Park, KS, USA","$10,000
SOLD",Bring a Trailer,Auction,"Jul 24, 2020"
1965 BMW R50/2,"9,000 mi","Charleston, SC, USA","$21,000
SOLD",Bring a Trailer,Auction,"Jul 23, 2020"
1998 BMW R1100R,"24,796 mi","Village of Farmingdale, NY, USA",SOLD,Motorcar Classics,Fixed-price,"Jul 17, 2020"
1983 BMW R100RS Cafe Racer,"39,000 mi","North Vancouver, BC, CAN","$6,700
SOLD",Bring a Trailer,Auction,"Jul 17, 2020"
2001 BMW F650GS Dakar,"1,474 mi","Indianapolis, IN, USA","$3,850
SOLD",Mecum,Auction,"Jul 12, 2020"
2000 BMW K1200,"1,300 mi","Indianapolis, IN, USA","$7,700
SOLD",Mecum,Auction,"Jul 12, 2020"
1977 BMW R75/7,"45,000 mi","Vero Beach, FL, USA","$5,500
SOLD",Bring a Trailer,Auction,"Jun 24, 2020"
1967 BMW R69S,"48,000 mi","Santa Barbara, CA, USA","$13,250
SOLD",Bring a Trailer,Auction,"Jun 23, 2020"
1988 BMW R100GS,"23,000 mi",,"$15,500
SOLD",Bring a Trailer,Auction,"Jun 19, 2020"
1974 BMW R90S,"39,000 mi",,"$8,400
SOLD",Bring a Trailer,Auction,"Jun 18, 2020"
1977 BMW R75/7,"47,000 mi",,"$4,500
SOLD",Bring a Trailer,Auction,"Jun 17, 2020"
1971 BMW R75/5,"35,000 mi",,"$9,566
SOLD",Bring a Trailer,Auction,"Jun 16, 2020"
1990 BMW K1 1000,"42,000 mi",,"$12,750
SOLD",Bring a Trailer,Auction,"Jun 12, 2020"
1986 BMW K75,"38,000 mi",,"$4,200
SOLD",Bring a Trailer,Auction,"Jun 11, 2020"
1971 BMW R75/5,"41,000 mi",,"$5,100
SOLD",Bring a Trailer,Auction,"Jun 9, 2020"
1990 BMW K1S,"16,000 mi","Raleigh, NC, USA","$31,000
SOLD",Bring a Trailer,Auction,"Jun 5, 2020"
1981 BMW R80G/S,"25,000 mi","Seattle, WA, USA","$9,200
SOLD",Bring a Trailer,Auction,"Jun 4, 2020"
1959 BMW R60,"49,000 mi","Leander, TX, USA","$10,500
SOLD",Bring a Trailer,Auction,"Jun 3, 2020"
2003 BMW R1200,"39,205 mi","Village of Farmingdale, NY, USA",SOLD,Motorcar Classics,Fixed-price,"Jun 2, 2020"
1971 BMW R75/5,"52,000 mi","Savannah, GA, USA","$5,100
SOLD",Bring a Trailer,Auction,"Jun 2, 2020"
2002 BMW R1150GS,"50,000 mi","Los Angeles, CA, USA","$6,200
SOLD",Bring a Trailer,Auction,"Jun 1, 2020"
1979 BMW R100RS,"13,000 mi","Sherwood, OR, USA","$10,500
SOLD",Bring a Trailer,Auction,"May 28, 2020"
1966 BMW R69S,"26,000 mi","Elgin, IL, USA","$16,500
SOLD",Bring a Trailer,Auction,"May 12, 2020"
2015 BMW R Ninet,"7,000 mi","Charleston, SC, USA","$8,222
SOLD",Bring a Trailer,Auction,"May 12, 2020"
1964 BMW R27,"19,000 mi","Great Barrington, MA, USA","$16,250
SOLD",Bring a Trailer,Auction,"May 7, 2020"
1983 BMW R80ST,"3,000 mi","Denver, CO, USA","$5,900
SOLD",Bring a Trailer,Auction,"May 6, 2020"
1971 BMW R60/5,"2,600 mi","Kansas City, MO, USA","$5,200
SOLD",Bring a Trailer,Auction,"Apr 22, 2020"
1982 BMW R100RT Cafe Racer,"56,000 mi","Selma, CA, USA","$16,000
SOLD",Bring a Trailer,Auction,"Apr 21, 2020"
1974 BMW R75/6,"53,000 mi","Charleston, SC, USA","$8,200
SOLD",Bring a Trailer,Auction,"Apr 21, 2020"
1957 BMW R69 And Sidecar,"29,000 mi","Columbus, OH, USA","$15,325
SOLD",Bring a Trailer,Auction,"Apr 20, 2020"
1970 BMW R75/5,"20,000 mi","Town of Bedford, NY, USA","$8,001
SOLD",Bring a Trailer,Auction,"Apr 14, 2020"
1980 BMW R100RS,"40,000 mi","Maricopa County, AZ, USA","$10,500
SOLD",Bring a Trailer,Auction,"Apr 13, 2020"
1978 BMW R100RS Motorsport Edition,"57,000 mi","Monmouth County, NJ, USA","$5,050
SOLD",Bring a Trailer,Auction,"Apr 10, 2020"
1956 BMW R69,300 mi,"Leander, TX, USA","$15,500
SOLD",Bring a Trailer,Auction,"Apr 3, 2020"
2007 BMW R1200GS Adventure,"16,000 mi","Florence, OR, USA","$11,000
SOLD",Bring a Trailer,Auction,"Apr 1, 2020"
1957 BMW R50,"7,000 mi","Columbus, OH, USA","$8,000
SOLD",Bring a Trailer,Auction,"Mar 30, 2020"
1993 BMW R100GS,"20,000 mi","Fort Collins, CO, USA","$7,850
SOLD",Bring a Trailer,Auction,"Mar 30, 2020"
1966 BMW R60/2 And Steib LS200 Sidecar,"71,000 mi","Oakland, CA, USA","$31,000
SOLD",Bring a Trailer,Auction,"Mar 27, 2020"
2005 BMW R1100S Boxercup Replika,"7,000 mi","Myrtle Beach, SC, USA","$10,000
SOLD",Bring a Trailer,Auction,"Mar 26, 2020"
1976 BMW R75/6,"40,000 mi","Charleston, SC, USA","$12,250
SOLD",Bring a Trailer,Auction,"Mar 25, 2020"
1974 BMW R90/6 With Velorex 560 Sidecar,"86,000 mi","Scottsdale, AZ, USA","$9,100
SOLD",Bring a Trailer,Auction,"Mar 24, 2020"
1968 BMW R50/2,47 mi,"Cook County, IL, USA","$18,000
SOLD",Bring a Trailer,Auction,"Mar 23, 2020"
1969 BMW R60/2,"38,000 mi","Houston, TX, USA","$11,150
SOLD",Bring a Trailer,Auction,"Mar 13, 2020"
1974 BMW R90/6,"12,500 mi","Durham Township, PA, USA","$7,200
SOLD",Bring a Trailer,Auction,"Mar 13, 2020"
1970 BMW R50/5,"1,700 mi","New Smyrna Beach, FL, USA","$5,350
SOLD",Bring a Trailer,Auction,"Feb 21, 2020"
2006 BMW HP2 Enduro,"13,000 mi","Los Angeles, CA, USA","$13,500
SOLD",Bring a Trailer,Auction,"Feb 20, 2020"
1975 BMW R90/6,"1,700 mi","Charleston, SC, USA","$12,500
SOLD",Bring a Trailer,Auction,"Feb 20, 2020"
1988 BMW R100GS,"23,000 mi","Los Angeles, CA, USA","$7,700
SOLD",Bring a Trailer,Auction,"Feb 20, 2020"
1976 BMW R90S,"45,000 mi","Oconee County, GA, USA","$7,400
SOLD",Bring a Trailer,Auction,"Feb 14, 2020"
1968 BMW R60US,300 mi,"Lakeville, MN, USA","$15,000
SOLD",Bring a Trailer,Auction,"Feb 12, 2020"
1939 BMW R12 Side-Car,,"Paris, FRA","€19,072
SOLD",Artcurial (EU),Auction,"Feb 7, 2020"
1943 BMW R75 Side-Car,,"Paris, FRA","€41,720
SOLD",Artcurial (EU),Auction,"Feb 7, 2020"
1971 BMW R75/5,"5,800 mi","Los Angeles, CA, USA","$5,500
SOLD",Bring a Trailer,Auction,"Feb 7, 2020"
1943 BMW 745CC R75 Military Motorcycle Combination,,"Paris, FRA","€32,200
SOLD",Bonhams,Auction,"Feb 6, 2020"
1965 BMW R69S,"8,000 mi","Manhattan Beach, CA, USA","$19,000
SOLD",Bring a Trailer,Auction,"Jan 30, 2020"
1975 BMW R90S,"41,000 mi","Livonia, MI, USA","$13,500
SOLD",Bring a Trailer,Auction,"Jan 30, 2020"
1995 BMW K1100,,"Sheridan, WY, USA","$6,200
SOLD",Bring a Trailer,Auction,"Jan 29, 2020"
1971 BMW R75/5,"37,500 mi","Albuquerque, NM, USA","$5,300
SOLD",Hemmings,Auction,"Jan 17, 2020"
1968 BMW R50/2,"20,000 mi","Brookfield, CT, USA","$9,600
SOLD",Bring a Trailer,Auction,"Jan 17, 2020"
2011 BMW F800GS Motorcycle,,"Scottsdale, AZ, USA","$11,000
SOLD",Barrett-Jackson,Auction,"Jan 15, 2020"
1978 BMW R100RS,"36,000 mi","Mission Viejo, CA, USA","$7,100
SOLD",Bring a Trailer,Auction,"Jan 9, 2020"
1956 BMW R60,130 mi,"Oakland, CA, USA","$13,000
SOLD",Bring a Trailer,Auction,"Jan 3, 2020"
1974 BMW R90S,"1,445 mi","Scottsdale, AZ, USA","$13,250
SOLD",Bring a Trailer,Auction,"Jan 2, 2020"
1976 BMW R90/6,"55,000 mi","Scottsdale, AZ, USA","$4,000
SOLD",Bring a Trailer,Auction,"Dec 30, 2019"
1981 BMW R100RT,"18,000 mi","Charleston, SC, USA","$5,500
SOLD",Bring a Trailer,Auction,"Dec 26, 2019"
1962 BMW R50S,"34,000 mi","Lakeville, MN, USA","$24,500
SOLD",Bring a Trailer,Auction,"Dec 24, 2019"
1973 BMW R75/5,"22,000 mi","San Juan Capistrano, CA, USA","$7,900
SOLD",Bring a Trailer,Auction,"Dec 17, 2019"
1977 BMW R100RS,"116,000 km (72,079 mi)","Washington County, UT, USA","$8,000
SOLD",Bring a Trailer,Auction,"Dec 16, 2019"
1976 BMW R90/6,"55,000 mi","Rockingham County, NH, USA","$4,900
SOLD",Bring a Trailer,Auction,"Dec 11, 2019"
1966 BMW R60/2,"38,000 mi","Millstone Township, NJ, USA","$13,000
SOLD",Bring a Trailer,Auction,"Dec 9, 2019"
1980 BMW R100RT,"22,000 mi","Seattle, WA, USA","$4,600
SOLD",Bring a Trailer,Auction,"Dec 2, 2019"
1989 BMW R100GS Motorcycle,"12,000 mi","Aptos, CA, USA","$14,200
SOLD",Bring a Trailer,Auction,"Nov 27, 2019"
2012 BMW R1200 GS Rallye,422 mi,"City of Troy, NY, USA","$19,500
SOLD",Bring a Trailer,Auction,"Nov 26, 2019"
BMW R75/5 Cafe Racer,"2,500 mi","City of Troy, NY, USA","$8,450
SOLD",Bring a Trailer,Auction,"Nov 26, 2019"
1989 BMW R100GS,"26,000 mi","Orlando, FL, USA","$5,775
SOLD",Bring a Trailer,Auction,"Nov 18, 2019"
Custom BMW R100RS by Upcycle Garage,,"Anaheim, CA, USA","$24,000
SOLD",Bring a Trailer,Auction,"Nov 4, 2019"
Custom BMW R100RT by Upcycle Garage,,"Anaheim, CA, USA","$22,500
SOLD",Bring a Trailer,Auction,"Nov 4, 2019"
1975 BMW R75/6,"74,000 mi","Sacramento, CA, USA","$3,900
SOLD",Bring a Trailer,Auction,"Oct 31, 2019"
1983 BMW R65,,"Paris, FRA","€3,814
SOLD",Artcurial (EU),Auction,"Oct 27, 2019"
1984 BMW R80 GS Paris-Dakar,,"Paris, FRA","€17,880
SOLD",Artcurial (EU),Auction,"Oct 27, 2019"
1973 BMW R 50/5,,"Paris, FRA","€3,338
SOLD",Artcurial (EU),Auction,"Oct 27, 2019"
1973 BMW R75/5,,"Paris, FRA","€5,006
SOLD",Artcurial (EU),Auction,"Oct 27, 2019"
1974 BMW R90/S,,"Paris, FRA","€7,152
SOLD",Artcurial (EU),Auction,"Oct 27, 2019"
1954 BMW R25/3,,"Paris, FRA","€4,291
SOLD",Artcurial (EU),Auction,"Oct 27, 2019"
1967 BMW R 69,,"Paris, FRA","€8,940
SOLD",Artcurial (EU),Auction,"Oct 27, 2019"
1968 BMW R50/2,Manual · Restored-Original,"Paris, FRA","€6,198
SOLD",Artcurial (EU),Auction,"Oct 27, 2019"
1985 BMW R100 CS,,"Paris, FRA","€4,768
SOLD",Artcurial (EU),Auction,"Oct 27, 2019"
1941 BMW R12,,"Paris, FRA","€21,456
SOLD",Artcurial (EU),Auction,"Oct 27, 2019"
1966 BMW R50/2,10 km (6 mi),"Buffalo, NY, USA","$16,250
SOLD",Bring a Trailer,Auction,"Oct 21, 2019"
1982 BMW R100RT,"29,000 mi","Charleston, SC, USA","$8,000
SOLD",Bring a Trailer,Auction,"Oct 10, 2019"
2006 BMW HP2 Enduro Motorcycle,,"Corpus Christi, TX, USA","$9,900
SOLD",Worldwide Auctioneers,Auction,"Oct 4, 2019"
1955 BMW R69 Motorcycle,,"Corpus Christi, TX, USA","$13,200
SOLD",Worldwide Auctioneers,Auction,"Oct 4, 2019"
1975 BMW r/90/6 Motorcycle,,"Corpus Christi, TX, USA","$5,500
SOLD",Worldwide Auctioneers,Auction,"Oct 4, 2019"
1974 BMW R90S Motorcycle,,"Corpus Christi, TX, USA","$7,700
SOLD",Worldwide Auctioneers,Auction,"Oct 4, 2019"
1978 BMW R80/7,"35,000 mi","Salem, OR, USA","$5,300
SOLD",Bring a Trailer,Auction,"Oct 2, 2019"
"1967 Bmw-Volkswagen 1500 ""Fikobike""",,"Dayton, OH, USA","$9,600
SOLD",RM Sotheby's,Auction,"Sep 28, 2019"
1990 BMW R100GS,"27,000 mi","Charleston, SC, USA","$17,000
SOLD",Bring a Trailer,Auction,"Sep 25, 2019"
1975 BMW R90/6,"38,000 mi","Charleston, SC, USA","$9,300
SOLD",Bring a Trailer,Auction,"Sep 20, 2019"
1981 BMW R100RT Cafe Racer,"6,400 mi","Nassau County, NY, USA","$20,750
SOLD",Bring a Trailer,Auction,"Sep 18, 2019"
1972 BMW R60/5,"15,000 mi","Grand Rapids, MI, USA","$6,250
SOLD",Bring a Trailer,Auction,"Sep 16, 2019"
1974 BMW R90/6,"20,000 mi","Washington Court House, OH, USA","$6,750
SOLD",Bring a Trailer,Auction,"Sep 11, 2019"
1988 BMW R100GS,"60,000 mi","Costa Mesa, CA, USA","$13,189
SOLD",Bring a Trailer,Auction,"Sep 4, 2019"
2017 BMW R Nine T Racer,401 mi · Manual · Original & Highly Original,"Upper Merion Township, PA, USA",SOLD,Motorcars of the Mainline,Fixed-price,"Aug 28, 2019"
1992 BMW R100RS,"22,000 mi","St. Louis, IL, USA","$8,795
SOLD",Bring a Trailer,Auction,"Aug 26, 2019"
1993 BMW R100GS Paris-Dakar,"46,000 mi","Salem, OR, USA","$6,900
SOLD",Bring a Trailer,Auction,"Aug 23, 2019"
1961 BMW R27,"34,000 km (21,127 mi)","Saint Clair Shores, MI, USA","$8,400
SOLD",Bring a Trailer,Auction,"Aug 19, 2019"
1962 BMW R50/2,100 mi,"Everett, WA, USA","$20,500
SOLD",Bring a Trailer,Auction,"Aug 16, 2019"
2012 BMW K1600GTL,,"Monterey, CA, USA","$4,950
SOLD",Mecum,Auction,"Aug 15, 2019"
1971 BMW R75/5 Custom,,"Richmond, VA, USA","$18,000
SOLD",Bring a Trailer,Auction,"Aug 14, 2019"
1939 BMW R12 With Sidecar,"3,825 km (2,377 mi)","Malvern, PA, USA","$20,001
SOLD",Bring a Trailer,Auction,"Aug 13, 2019"
1966 BMW R69S,"41,000 mi","Jacksonville, FL, USA","$15,000
SOLD",Bring a Trailer,Auction,"Aug 12, 2019"
1961 BMW R60/2,"17,000 mi","Seattle, WA, USA","$15,000
SOLD",Bring a Trailer,Auction,"Aug 9, 2019"
1983 BMW R80RT,"29,000 mi","Menasha, WI, USA","$2,700
SOLD",Bring a Trailer,Auction,"Aug 7, 2019"
1981 BMW R80G/S Paris Dakar,"56,000 mi","Los Angeles, CA, USA","$20,000
SOLD",Bring a Trailer,Auction,"Aug 2, 2019"
1978 BMW R100RS Motorsport Edition,"49,000 mi","Fort Worth, TX, USA","$9,900
SOLD",Bring a Trailer,Auction,"Aug 1, 2019"
2014 BMW R Ninet,"4,040 mi","Portland, OR, USA","$9,700
SOLD",Bring a Trailer,Auction,"Aug 1, 2019"
1939 BMW R61,,"Portland, OR, USA","$25,000
SOLD",Bring a Trailer,Auction,"Jul 29, 2019"
1969 BMW R60/2,"17,000 mi","Charleston, SC, USA","$21,250
SOLD",Bring a Trailer,Auction,"Jul 24, 2019"
1993 BMW R100GS Paris-Dakar,"23,000 mi","Highland Park, IL, USA","$9,500
SOLD",Bring a Trailer,Auction,"Jul 1, 2019"
1958 BMW R50,"23,000 mi","Denver, CO, USA","$13,350
SOLD",Bring a Trailer,Auction,"Jun 28, 2019"
1995 BMW R100RT Classic,"26,000 mi","Anne Arundel County, MD, USA","$7,500
SOLD",Bring a Trailer,Auction,"Jun 26, 2019"
1978 BMW R100S,,"Los Angeles, CA, USA","$6,400
SOLD",Bring a Trailer,Auction,"Jun 21, 2019"
1967 BMW R60/2,39 mi,"Philadelphia, PA, USA",SOLD,LBI Limited,Fixed-price,"Jun 19, 2019"
2017 BMW R Ninet Racer,"1,276 mi","West Linn, OR, USA","$9,160
SOLD",Bring a Trailer,Auction,"Jun 13, 2019"
1978 BMW R100RS,"34,000 mi","San Jose, CA, USA","$7,200
SOLD",Bring a Trailer,Auction,"Jun 4, 2019"
1973 BMW BMW R75/5,"5,000 mi","Dane County, WI, USA","$7,200
SOLD",Bring a Trailer,Auction,"Jun 3, 2019"
2008 BMW HP2 Sport,"4,300 mi","Burbank, CA, USA","$16,500
SOLD",Bring a Trailer,Auction,"Jun 3, 2019"
1981 BMW R80 g/s,"34,000 mi","Salt Lake City, UT, USA","$12,500
SOLD",Bring a Trailer,Auction,"May 27, 2019"
2009 BMW R1200 rt-p For Charity,"5,000 mi","Costa Mesa, CA, USA","$10,251
SOLD",Bring a Trailer,Auction,"May 24, 2019"
1976 BMW R60/6,"6,900 mi","Salem, OR, USA","$8,400
SOLD",Bring a Trailer,Auction,"May 22, 2019"
1969 BMW R69S S,"17,704 mi","Elmbridge, GBR","£14,560
SOLD",Historics (UK),Auction,"May 18, 2019"
1969 BMW R60,"39,668 km (24,649 mi)","Elmbridge, GBR","£10,080
SOLD",Historics (UK),Auction,"May 18, 2019"
1988 BMW R100GS,"30,000 mi","Charleston, SC, USA","$12,900
SOLD",Bring a Trailer,Auction,"May 17, 2019"
1962 BMW R69S,"47,000 mi","Oconee County, GA, USA","$10,750
SOLD",Bring a Trailer,Auction,"May 15, 2019"
1969 BMW R60/2,,"Los Angeles, CA, USA","$16,000
SOLD",Bring a Trailer,Auction,"Apr 24, 2019"
1959 BMW R60,"11,000 mi","Los Angeles, CA, USA","$7,200
SOLD",Bring a Trailer,Auction,"Apr 16, 2019"
1969 BMW R69US,"17,000 km (10,563 mi)","Clarksville, TN, USA","$15,500
SOLD",Bring a Trailer,Auction,"Apr 12, 2019"
2007 BMW K1200S,,"Houston, TX, USA","$5,225
SOLD",Mecum,Auction,"Apr 4, 2019"
1999 BMW K1200 RS,"15,780 mi","Houston, TX, USA","$3,300
SOLD",Mecum,Auction,"Apr 4, 2019"
1965 BMW R50/2,"15,000 mi","Los Angeles, CA, USA","$9,100
SOLD",Bring a Trailer,Auction,"Apr 4, 2019"
1976 BMW R90/6,"27,000 mi","Mount Pleasant, SC, USA","$8,500
SOLD",Bring a Trailer,Auction,"Apr 3, 2019"
1975 BMW R90S,"42,000 mi","Coldstream, BC, CAN","$8,775
SOLD",Bring a Trailer,Auction,"Mar 27, 2019"
1975 BMW R90S,"15,000 mi","San Jose, CA, USA","$11,250
SOLD",Bring a Trailer,Auction,"Mar 20, 2019"
1959 BMW R50,"84,000 mi","New Smyrna Beach, FL, USA","$11,750
SOLD",Bring a Trailer,Auction,"Mar 4, 2019"
1989 BMW K1 Motorsport,"23,638 mi","Ascot, GBR","£2,490
SOLD",Historics (UK),Auction,"Mar 2, 2019"
1992 BMW K100RS Motorsport,"66,858 mi","Ascot, GBR","£392
SOLD",Historics (UK),Auction,"Mar 2, 2019"
BMW R100 RT,"52,159 mi","Ascot, GBR","£616
SOLD",Historics (UK),Auction,"Mar 2, 2019"
1993 BMW R80 RT,"88,233 mi","Ascot, GBR","£616
SOLD",Historics (UK),Auction,"Mar 2, 2019"
1984 BMW R80 - R100 RT Specification,"53,369 mi","Ascot, GBR","£1,344
SOLD",Historics (UK),Auction,"Mar 2, 2019"
1975 BMW R600,"17,905 mi","Ascot, GBR","£1,924
SOLD",Historics (UK),Auction,"Mar 2, 2019"
BMW K75 RT,"46,752 mi","Ascot, GBR","£56
SOLD",Historics (UK),Auction,"Mar 2, 2019"
1960 BMW R50,"77,000 mi","Charleston, SC, USA","$16,000
SOLD",Bring a Trailer,Auction,"Feb 18, 2019"
1978 BMW R100/7,"34,000 mi","Mount Pleasant, SC, USA","$8,888
SOLD",Bring a Trailer,Auction,"Feb 13, 2019"
1965 BMW R69S w/Sidecar,"37,000 mi","Overland Park, KS, USA","$15,000
SOLD",Bring a Trailer,Auction,"Jan 29, 2019"
1965 BMW R50 Road Racer,,"Enterprise, NV, USA","$9,350
SOLD",Mecum,Auction,"Jan 26, 2019"
1969 BMW R60/2,"57,200 mi","Enterprise, NV, USA","$10,450
SOLD",Mecum,Auction,"Jan 26, 2019"
1967 BMW R60/5,,"Enterprise, NV, USA","$12,100
SOLD",Mecum,Auction,"Jan 26, 2019"
1953 BMW R68,,"Enterprise, NV, USA","$28,600
SOLD",Mecum,Auction,"Jan 26, 2019"
1976 BMW R90S,,"Enterprise, NV, USA","$10,450
SOLD",Mecum,Auction,"Jan 26, 2019"
1974 BMW R90S,,"Enterprise, NV, USA","$12,100
SOLD",Mecum,Auction,"Jan 25, 2019"
1925 BMW R37,,"Enterprise, NV, USA","$220,000
SOLD",Mecum,Auction,"Jan 25, 2019"
1953 BMW R67/2,,"Enterprise, NV, USA","$24,200
SOLD",Mecum,Auction,"Jan 25, 2019"
1975 BMW R90S,,"Enterprise, NV, USA","$11,000
SOLD",Mecum,Auction,"Jan 25, 2019"
1974 BMW R90/6,,"Enterprise, NV, USA","$5,775
SOLD",Mecum,Auction,"Jan 25, 2019"
1939 BMW R71,,"Enterprise, NV, USA","$27,500
SOLD",Mecum,Auction,"Jan 25, 2019"
1929 BMW R62,,"Enterprise, NV, USA","$39,600
SOLD",Mecum,Auction,"Jan 25, 2019"
1959 BMW R69,"4,500 mi","Enterprise, NV, USA","$19,800
SOLD",Mecum,Auction,"Jan 25, 2019"
1960 BMW R60/5,,"Enterprise, NV, USA","$4,400
SOLD",Mecum,Auction,"Jan 25, 2019"
1981 BMW R80 GS,,"Enterprise, NV, USA","$38,500
SOLD",Mecum,Auction,"Jan 25, 2019"
1954 BMW RS 54 Racer,,"Enterprise, NV, USA","$137,500
SOLD",Mecum,Auction,"Jan 25, 2019"
1990 BMW K1,,"Enterprise, NV, USA","$17,050
SOLD",Mecum,Auction,"Jan 25, 2019"
1936 BMW R5,,"Enterprise, NV, USA","$60,500
SOLD",Mecum,Auction,"Jan 25, 2019"
1927 BMW R47,,"Enterprise, NV, USA","$85,250
SOLD",Mecum,Auction,"Jan 25, 2019"
1928 BMW R47 Racer,,"Enterprise, NV, USA","$77,000
SOLD",Mecum,Auction,"Jan 25, 2019"
1952 BMW R67/2 w/Sidecar,,"Enterprise, NV, USA","$46,200
SOLD",Mecum,Auction,"Jan 25, 2019"
1981 BMW R80-GS,,"Enterprise, NV, USA","$9,900
SOLD",Mecum,Auction,"Jan 24, 2019"
1972 BMW R75/5,,"Enterprise, NV, USA","$4,400
SOLD",Mecum,Auction,"Jan 24, 2019"
1970 BMW R50/5,,"Enterprise, NV, USA","$6,600
SOLD",Mecum,Auction,"Jan 24, 2019"
1987 BMW K75,,"Enterprise, NV, USA","$4,400
SOLD",Mecum,Auction,"Jan 24, 2019"
1958 BMW R50/2,,"Enterprise, NV, USA","$20,350
SOLD",Mecum,Auction,"Jan 24, 2019"
1982 BMW R100,,"Enterprise, NV, USA","$4,950
SOLD",Mecum,Auction,"Jan 24, 2019"
1980 BMW R100 RS,,"Enterprise, NV, USA","$5,500
SOLD",Mecum,Auction,"Jan 23, 2019"
1965 BMW R60,"5,800 mi","Enterprise, NV, USA","$7,700
SOLD",Mecum,Auction,"Jan 23, 2019"
1960 BMW R50S,,"Enterprise, NV, USA","$23,100
SOLD",Mecum,Auction,"Jan 23, 2019"
2005 BMW R1200GS,,"Enterprise, NV, USA","$5,225
SOLD",Mecum,Auction,"Jan 23, 2019"
1952 BMW R25/3,,"Enterprise, NV, USA","$16,500
SOLD",Mecum,Auction,"Jan 23, 2019"
1971 BMW R75/5,,"Enterprise, NV, USA","$7,700
SOLD",Mecum,Auction,"Jan 22, 2019"
2012 BMW R1200GS Rallye,"17,000 mi","West Linn, OR, USA","$14,000
SOLD",Bring a Trailer,Auction,"Jan 17, 2019"
1969 BMW R60US,"3,000 mi","Brookfield, CT, USA","$11,750
SOLD",Bring a Trailer,Auction,"Jan 11, 2019"
1980 BMW R100RS,"33,000 km (20,505 mi)","Daytona Beach, FL, USA","$9,500
SOLD",Bring a Trailer,Auction,"Dec 28, 2018"
1978 BMW R100RS Motorsport Edition,"33,000 mi","Charleston, SC, USA","$12,250
SOLD",Bring a Trailer,Auction,"Dec 12, 2018"
1974 BMW R90S,"82,000 mi","Los Angeles, CA, USA","$10,300
SOLD",Bring a Trailer,Auction,"Nov 19, 2018"
2015 BMW F800GS Adventure,"6,400 mi","Los Angeles, CA, USA","$9,100
SOLD",Bring a Trailer,Auction,"Nov 16, 2018"
2006 BMW HP2 Enduro,,"Solihull, GBR","£15,833
SOLD",Silverstone (UK),Auction,"Nov 11, 2018"
1970 BMW R75/5,"31,000 mi","Macomb County, MI, USA","$6,100
SOLD",Bring a Trailer,Auction,"Oct 31, 2018"
1973 BMW R75/5,"18,000 mi","Louisville, KY, USA","$5,200
SOLD",Bring a Trailer,Auction,"Oct 29, 2018"
1973 BMW R75/5,"57,000 mi","Richardson, TX, USA","$7,700
SOLD",Bring a Trailer,Auction,"Oct 10, 2018"
1968 BMW R69US,"18,500 mi","Beaver County, PA, USA","$16,750
SOLD",Bring a Trailer,Auction,"Oct 9, 2018"
1971 BMW R75/5,"14,000 mi","St. Johns County, FL, USA","$5,600
SOLD",Bring a Trailer,Auction,"Sep 27, 2018"
1939 BMW R12,,"Monterey, CA, USA","$63,250
SOLD",Mecum,Auction,"Aug 25, 2018"
1958 BMW R26 Sport,,"Monterey, CA, USA","$17,600
SOLD",Mecum,Auction,"Aug 23, 2018"
1966 BMW R27,"98,000 mi","Indianapolis, IN, USA","$8,500
SOLD",Bring a Trailer,Auction,"Aug 13, 2018"
1972 BMW R75/5,"53,000 mi","Minneapolis, MN, USA","$8,900
SOLD",Bring a Trailer,Auction,"Jul 30, 2018"
1965 BMW R69S,"3,151 km (1,958 mi)","Indianapolis, IN, USA","$20,500
SOLD",Bring a Trailer,Auction,"Jun 26, 2018"
1951 BMW R51-3,,"Enterprise, NV, USA","$37,400
SOLD",Mecum,Auction,"Jun 2, 2018"
1959 BMW R60 With TR500 Steib Sidecar,"3,000 mi","Enterprise, NV, USA","$55,000
SOLD",Mecum,Auction,"Jun 2, 2018"
1929 BMW R62,,"Enterprise, NV, USA","$50,600
SOLD",Mecum,Auction,"Jun 2, 2018"
1995 BMW R1100RS,,"Enterprise, NV, USA","$3,850
SOLD",Mecum,Auction,"Jun 1, 2018"
1974 BMW R75/6,,"Enterprise, NV, USA","$3,410
SOLD",Mecum,Auction,"Jun 1, 2018"
1985 BMW K100,,"Enterprise, NV, USA","$1,540
SOLD",Mecum,Auction,"Jun 1, 2018"
1964 BMW R60/2,"36,000 mi","Huron Township, MI, USA","$10,515
SOLD",Bring a Trailer,Auction,"Jun 1, 2018"
1978 BMW R80/7,"29,000 mi","Kansas City, MO, USA","$5,800
SOLD",Bring a Trailer,Auction,"Mar 29, 2018"
1972 BMW R75/5 SWB,"5,800 mi","Richland, WA, USA","$10,000
SOLD",Bring a Trailer,Auction,"Mar 27, 2018"
1976 BMW R90S,,"Enterprise, NV, USA","$8,800
SOLD",Mecum,Auction,"Jan 27, 2018"
1951 BMW R67,,"Enterprise, NV, USA","$15,950
SOLD",Mecum,Auction,"Jan 27, 2018"
1976 BMW R90S,,"Enterprise, NV, USA","$15,400
SOLD",Mecum,Auction,"Jan 27, 2018"
1973 BMW R75/5,,"Enterprise, NV, USA","$2,750
SOLD",Mecum,Auction,"Jan 27, 2018"
2015 BMW Alpha Racing Superleggera Killer S1000RR HP4,,"Enterprise, NV, USA","$22,000
SOLD",Mecum,Auction,"Jan 27, 2018"
1962 BMW R69S,"12,234 mi","Enterprise, NV, USA","$16,500
SOLD",Mecum,Auction,"Jan 27, 2018"
1962 BMW R69S,,"Enterprise, NV, USA","$12,100
SOLD",Mecum,Auction,"Jan 26, 2018"
1967 BMW R50/2,,"Enterprise, NV, USA","$11,000
SOLD",Mecum,Auction,"Jan 26, 2018"
1988 BMW K100RS Special Edition Abs,"15,239 mi","Enterprise, NV, USA","$6,600
SOLD",Mecum,Auction,"Jan 26, 2018"
2016 BMW K1600 Gtl-Exclusive,300 mi,"Enterprise, NV, USA","$19,800
SOLD",Mecum,Auction,"Jan 26, 2018"
1967 BMW R69S,,"Enterprise, NV, USA","$22,000
SOLD",Mecum,Auction,"Jan 26, 2018"
1962 BMW R-60 w/ Steib Sidecar,,"Enterprise, NV, USA","$34,100
SOLD",Mecum,Auction,"Jan 26, 2018"
1957 BMW R50,,"Enterprise, NV, USA","$13,200
SOLD",Mecum,Auction,"Jan 26, 2018"
1952 BMW R 51/3,,"Enterprise, NV, USA","$13,200
SOLD",Mecum,Auction,"Jan 26, 2018"
1961 BMW R50,,"Enterprise, NV, USA","$6,600
SOLD",Mecum,Auction,"Jan 26, 2018"
1952 BMW R51/3,,"Enterprise, NV, USA","$22,000
SOLD",Mecum,Auction,"Jan 26, 2018"
2000 BMW R1100,,"Enterprise, NV, USA","$3,300
SOLD",Mecum,Auction,"Jan 25, 2018"
1973 BMW R 60/5,,"Enterprise, NV, USA","$3,850
SOLD",Mecum,Auction,"Jan 25, 2018"
1956 BMW R50,,"Enterprise, NV, USA","$12,100
SOLD",Mecum,Auction,"Jan 25, 2018"
1963 BMW R27,,"Enterprise, NV, USA","$6,050
SOLD",Mecum,Auction,"Jan 25, 2018"
1966 BMW R50/2,,"Enterprise, NV, USA","$8,800
SOLD",Mecum,Auction,"Jan 25, 2018"
1981 BMW R80 Paris Dakar,,"Enterprise, NV, USA","$15,400
SOLD",Mecum,Auction,"Jan 25, 2018"
1956 BMW R69,,"Enterprise, NV, USA","$18,150
SOLD",Mecum,Auction,"Jan 25, 2018"
1957 BMW R69,,"Enterprise, NV, USA","$9,900
SOLD",Mecum,Auction,"Jan 25, 2018"
1970 BMW R75 / 5,"43,619 mi","Enterprise, NV, USA","$2,310
SOLD",Mecum,Auction,"Jan 24, 2018"
1983 BMW R100RT,,"Enterprise, NV, USA","$4,070
SOLD",Mecum,Auction,"Jan 24, 2018"
1971 BMW R60/5,,"Enterprise, NV, USA","$4,180
SOLD",Mecum,Auction,"Jan 24, 2018"
2004 BMW R1200,,"Kissimmee, FL, USA","$17,600
SOLD",Mecum,Auction,"Jan 10, 2018"
2012 BMW F800GS Triple Black,200 mi,"Phoenix, AZ, USA","$7,500
SOLD",Bring a Trailer,Auction,"Dec 5, 2017"
1954 BMW R25/3 & Side-Car Steib,,"Paris, FRA","€15,496
SOLD",Artcurial (EU),Auction,"Nov 5, 2017"
1971 BMW R60/5,,"San Francisco, CA, USA","$2,750
SOLD",Bring a Trailer,Auction,"Nov 2, 2017"
1963 BMW R27,"22,000 mi","Indianapolis, IN, USA","$6,600
SOLD",Bring a Trailer,Auction,"Sep 26, 2017"
1964 BMW R27,"17,000 mi","Danbury, CT, USA","$7,050
SOLD",Bring a Trailer,Auction,"Sep 14, 2017"
1983 BMW R100RT,,"Auburn, IN, USA","$3,450
SOLD",RM Sotheby's,Auction,"Sep 3, 2017"
1978 BMW R80/7,,"Auburn, IN, USA","$4,313
SOLD",RM Sotheby's,Auction,"Sep 3, 2017"
1998 BMW R1200,"1,900 mi","Auburn, IN, USA","$8,625
SOLD",RM Sotheby's,Auction,"Sep 3, 2017"
2005 BMW R 1100 S Boxer Cup Replica,,"Auburn, IN, USA","$8,050
SOLD",RM Sotheby's,Auction,"Sep 3, 2017"
1929 BMW R62,,"Monterey, CA, USA","$43,000
SOLD",Mecum,Auction,"Aug 19, 2017"
1966 BMW R60/2 With Sidecar,"49,396 mi","Monterey, CA, USA","$50,000
SOLD",Mecum,Auction,"Aug 18, 2017"
1996 BMW R850R w/ Sidecar,"48,000 mi","Evanston, IL, USA","$7,500
SOLD",Bring a Trailer,Auction,"Jul 31, 2017"
1966 BMW R69S,"47,743 mi","Enterprise, NV, USA","$17,000
SOLD",Mecum,Auction,"Jun 3, 2017"
2012 BMW K1600 Gtl,"8,025 mi","Enterprise, NV, USA","$11,500
SOLD",Mecum,Auction,"Jun 2, 2017"
2010 BMW R1200GS,,"Enterprise, NV, USA","$12,000
SOLD",Mecum,Auction,"Jun 2, 2017"
1929 BMW R62,,"Enterprise, NV, USA","$60,000
SOLD",Mecum,Auction,"Jun 2, 2017"
2013 BMW C600 Scooter,,"Enterprise, NV, USA","$5,500
SOLD",Mecum,Auction,"Jun 2, 2017"
1964 BMW R69S,,"Enterprise, NV, USA","$25,000
SOLD",Mecum,Auction,"Jun 2, 2017"
1954 BMW RS 54,,"Piazza Santo Stefano, Lombardy, ITA","€143,325
SOLD",RM Sotheby's,Auction,"May 27, 2017"
1975 BMW R75/6,,"Garland, TX, USA","$4,900
SOLD",Bring a Trailer,Auction,"May 26, 2017"
1991 BMW K1,"70,085 mi","San Francisco, CA, USA","$4,666
SOLD",Bring a Trailer,Auction,"May 15, 2017"
1971 BMW R50/5 With Stoye Sidecar,"41,840 mi","Sacramento, CA, USA","$12,500
SOLD",Bring a Trailer,Auction,"Apr 7, 2017"
1977 BMW R100/7,"12,387 mi","Enterprise, NV, USA","$2,000
SOLD",Mecum,Auction,"Jan 28, 2017"
1938 BMW R51RS Racer,,"Enterprise, NV, USA","$35,000
SOLD",Mecum,Auction,"Jan 28, 2017"
1992 BMW R100RT,"30,130 mi","Enterprise, NV, USA","$2,500
SOLD",Mecum,Auction,"Jan 28, 2017"
1960 BMW R50,,"Enterprise, NV, USA","$12,500
SOLD",Mecum,Auction,"Jan 28, 2017"
1931 BMW R16,,"Enterprise, NV, USA","$52,000
SOLD",Mecum,Auction,"Jan 28, 2017"
1938 BMW R66,,"Enterprise, NV, USA","$28,000
SOLD",Mecum,Auction,"Jan 28, 2017"
1973 BMW R75/5,"6,470 mi","Enterprise, NV, USA","$5,500
SOLD",Mecum,Auction,"Jan 28, 2017"
1976 BMW R9016,"9,729 mi","Enterprise, NV, USA","$3,500
SOLD",Mecum,Auction,"Jan 28, 2017"
1929 BMW R63,,"Enterprise, NV, USA","$58,000
SOLD",Mecum,Auction,"Jan 27, 2017"
1951 BMW R51/2,,"Enterprise, NV, USA","$15,000
SOLD",Mecum,Auction,"Jan 27, 2017"
1972 BMW R 75/5,,"Enterprise, NV, USA","$7,500
SOLD",Mecum,Auction,"Jan 27, 2017"
1984 BMW Last Edition R100RS,2 mi,"Enterprise, NV, USA","$20,000
SOLD",Mecum,Auction,"Jan 27, 2017"
1964 BMW R50/2,,"Enterprise, NV, USA","$23,000
SOLD",Mecum,Auction,"Jan 27, 2017"
1967 BMW R69S,,"Enterprise, NV, USA","$26,000
SOLD",Mecum,Auction,"Jan 27, 2017"
1929 BMW R52,,"Enterprise, NV, USA","$35,000
SOLD",Mecum,Auction,"Jan 27, 2017"
1979 BMW R80/7,"8,964 mi","Enterprise, NV, USA","$2,750
SOLD",Mecum,Auction,"Jan 26, 2017"
1981 BMW R 80/gs,,"Enterprise, NV, USA","$5,000
SOLD",Mecum,Auction,"Jan 26, 2017"
1976 BMW R90/6,,"Enterprise, NV, USA","$3,250
SOLD",Mecum,Auction,"Jan 25, 2017"
1969 BMW R60/2 With Hollandia Sidecar,"4,000 mi","Scottsdale, AZ, USA","$27,500
SOLD",Gooding & Company,Auction,"Jan 20, 2017"
1956 BMW R 50,Manual,ITA,"$14,040
SOLD",RM Sotheby's,Auction,"Nov 27, 2016"
1984 BMW R 80 GS,,ITA,"$12,870
SOLD",RM Sotheby's,Auction,"Nov 27, 2016"
1996 BMW R 80 GS Basic,,ITA,"$16,380
SOLD",RM Sotheby's,Auction,"Nov 27, 2016"
1975 BMW R 90 S,,ITA,"$16,380
SOLD",RM Sotheby's,Auction,"Nov 27, 2016"
2009 BMW S 1000 RR,,ITA,"$12,870
SOLD",RM Sotheby's,Auction,"Nov 27, 2016"
2005 BMW R 1150 GS Adventure,,ITA,"$19,890
SOLD",RM Sotheby's,Auction,"Nov 27, 2016"
2005 BMW HP2 Enduro,,ITA,"$28,080
SOLD",RM Sotheby's,Auction,"Nov 27, 2016"
1970 BMW R 75/5,,ITA,"$9,360
SOLD",RM Sotheby's,Auction,"Nov 27, 2016"
1991 BMW R 80 GS,,ITA,"$6,435
SOLD",RM Sotheby's,Auction,"Nov 27, 2016"
1990 BMW R 80 GS,,ITA,"$8,190
SOLD",RM Sotheby's,Auction,"Nov 27, 2016"
BMW R 69 S,,ITA,"$22,230
SOLD",RM Sotheby's,Auction,"Nov 27, 2016"
2004 BMW R 1100 S Boxer Cup Replica,,ITA,"$8,190
SOLD",RM Sotheby's,Auction,"Nov 27, 2016"
1992 BMW R 100 R,,ITA,"$9,360
SOLD",RM Sotheby's,Auction,"Nov 27, 2016"
BMW R 60,,ITA,"$15,210
SOLD",RM Sotheby's,Auction,"Nov 27, 2016"
BMW R 51/3,,ITA,"$15,210
SOLD",RM Sotheby's,Auction,"Nov 27, 2016"
2008 BMW HP2 Sport,,ITA,"$22,230
SOLD",RM Sotheby's,Auction,"Nov 27, 2016"
1989 BMW R 100 GS Paris Dakar,,ITA,"$12,870
SOLD",RM Sotheby's,Auction,"Nov 27, 2016"
1990 BMW K1,,ITA,"$8,190
SOLD",RM Sotheby's,Auction,"Nov 27, 2016"
1989 BMW K1,,ITA,"$10,530
SOLD",RM Sotheby's,Auction,"Nov 27, 2016"
1976 BMW R 75/6,,ITA,"$10,530
SOLD",RM Sotheby's,Auction,"Nov 27, 2016"
BMW R 75 With Steib Sidecar,,ITA,"$37,440
SOLD",RM Sotheby's,Auction,"Nov 27, 2016"
1980 BMW R 100 RS,,ITA,"$6,084
SOLD",RM Sotheby's,Auction,"Nov 27, 2016"
1928 BMW R62,,"Monterey, CA, USA","$40,000
SOLD",Mecum,Auction,"Aug 20, 2016"
1939 BMW R12,,"Monterey, CA, USA","$32,000
SOLD",Mecum,Auction,"Aug 20, 2016"
2004 BMW R1200CLC,"11,550 mi","Monterey, CA, USA","$3,500
SOLD",Mecum,Auction,"Aug 18, 2016"
1971 BMW R75/5 Motorcycle,"62,000 mi","Lake Oswego, OR, USA","$8,750
SOLD",Bring a Trailer,Auction,"Aug 9, 2016"
1980 BMW R100RS,"85,347 km (53,032 mi)","Daytona Beach, FL, USA","$6,100
SOLD",Bring a Trailer,Auction,"Aug 4, 2016"
1997 BMW R1200C,,,"£6,410
SOLD",Silverstone (UK),Auction,"Jul 30, 2016"
1939 BMW R71,,"Schaumburg, IL, USA","$25,000
SOLD",Mecum,Auction,"Jun 11, 2016"
1973 BMW R75-750,,"Schaumburg, IL, USA","$1,100
SOLD",Mecum,Auction,"Jun 11, 2016"
1943 BMW R75 Gespanne,,"Schaumburg, IL, USA","$30,000
SOLD",Mecum,Auction,"Jun 11, 2016"
1978 BMW R 100RS,,"Schaumburg, IL, USA","$6,250
SOLD",Mecum,Auction,"Jun 10, 2016"
1965 BMW R50/2,,"Schaumburg, IL, USA","$5,750
SOLD",Mecum,Auction,"Jun 10, 2016"
2010 BMW R1200,"3,482 mi","Indianapolis, IN, USA","$30,000
SOLD",Mecum,Auction,"May 17, 2016"
1966 BMW R50/2 And Duna Sidecar,,"Manchester, CT, USA","$16,000
SOLD",Bring a Trailer,Auction,"Feb 25, 2016"
1929 BMW R62,,"Enterprise, NV, USA","$41,000
SOLD",Mecum,Auction,"Jan 9, 2016"
1931 BMW R16,,"Enterprise, NV, USA","$55,000
SOLD",Mecum,Auction,"Jan 9, 2016"
1976 BMW R90/6,"22,000 mi","Enterprise, NV, USA","$7,500
SOLD",Mecum,Auction,"Jan 9, 2016"
1965 BMW R60/2,,"Enterprise, NV, USA","$11,000
SOLD",Mecum,Auction,"Jan 9, 2016"
2007 BMW R1200S,"11,806 mi","Enterprise, NV, USA","$7,250
SOLD",Mecum,Auction,"Jan 9, 2016"
1929 BMW R63,,"Enterprise, NV, USA","$77,500
SOLD",Mecum,Auction,"Jan 8, 2016"
1961 BMW R69S,,"Enterprise, NV, USA","$20,500
SOLD",Mecum,Auction,"Jan 8, 2016"
1927 BMW R42,,"Enterprise, NV, USA","$48,000
SOLD",Mecum,Auction,"Jan 8, 2016"
1964 BMW R69S,,"Enterprise, NV, USA","$10,500
SOLD",Mecum,Auction,"Jan 8, 2016"
1958 BMW R50,,"Enterprise, NV, USA","$14,500
SOLD",Mecum,Auction,"Jan 7, 2016"
1998 BMW xr 1500,,"Auburn, IN, USA","$6,875
SOLD",RM Sotheby's,Auction,"Sep 6, 2015"
1927 BMW R42,,"Monterey, CA, USA","$40,000
SOLD",Mecum,Auction,"Aug 13, 2015"
1929 BMW R62,,"Monterey, CA, USA","$40,000
SOLD",Mecum,Auction,"Aug 13, 2015"
1925 BMW R32,,"Monterey, CA, USA","$170,000
SOLD",Mecum,Auction,"Aug 13, 2015"
1968 BMW R50/2,,"Monterey, CA, USA","$16,500
SOLD",Mecum,Auction,"Aug 13, 2015"
1999 BMW R1200C,,,"£7,875
SOLD",Silverstone (UK),Auction,"Jul 25, 2015"
1992 BMW K1,,"Piazza Santo Stefano, Lombardy, ITA","€10,530
SOLD",RM Sotheby's,Auction,"May 23, 2015"
1978 BMW R100RS Motorsport Edition,,"Benton County, OR, USA","$13,000
SOLD",Bring a Trailer,Auction,"May 13, 2015"
1952 BMW R68,,"Indianapolis, IN, USA","$35,000
SOLD",Bring a Trailer,Auction,"Feb 18, 2015"
1955 BMW Motorcycle,,"Scottsdale, AZ, USA","$60,500
SOLD",Barrett-Jackson,Auction,"Jan 13, 2015"
1967 BMW R69S,"14,000 mi","Enterprise, NV, USA","$15,000
SOLD",Mecum,Auction,"Jan 10, 2015"
1975 BMW R90S,,"Enterprise, NV, USA","$12,000
SOLD",Mecum,Auction,"Jan 10, 2015"
1963 BMW R60 With Sidecar,,"Enterprise, NV, USA","$16,000
SOLD",Mecum,Auction,"Jan 10, 2015"
2001 BMW R1150GS,"39,000 mi","Enterprise, NV, USA","$5,250
SOLD",Mecum,Auction,"Jan 10, 2015"
1964 BMW R60/2,,"Enterprise, NV, USA","$16,000
SOLD",Mecum,Auction,"Jan 10, 2015"
1929 BMW R62,,"Enterprise, NV, USA","$39,000
SOLD",Mecum,Auction,"Jan 9, 2015"
1927 BMW R47 Racer,,"Enterprise, NV, USA","$80,000
SOLD",Mecum,Auction,"Jan 9, 2015"
1973 BMW R75/5,,"Enterprise, NV, USA","$6,500
SOLD",Mecum,Auction,"Jan 9, 2015"
1938 BMW R71,,"Enterprise, NV, USA","$20,000
SOLD",Mecum,Auction,"Jan 9, 2015"
1969 BMW R69,,"Enterprise, NV, USA","$4,250
SOLD",Mecum,Auction,"Jan 8, 2015"
1964 BMW R60,,"Enterprise, NV, USA","$4,750
SOLD",Mecum,Auction,"Jan 8, 2015"
1971 BMW R75/5,,"Enterprise, NV, USA","$2,500
SOLD",Mecum,Auction,"Jan 8, 2015"
1966 BMW R60,,"Enterprise, NV, USA","$10,000
SOLD",Mecum,Auction,"Jan 8, 2015"
1965 BMW R60,,"Enterprise, NV, USA","$5,000
SOLD",Mecum,Auction,"Jan 8, 2015"
2007 BMW 650 GS Cross Country,,"Enterprise, NV, USA","$3,250
SOLD",Mecum,Auction,"Jan 8, 2015"
1972 BMW R75/5,"9,844 mi","Enterprise, NV, USA","$3,500
SOLD",Mecum,Auction,"Jan 8, 2015"
1983 BMW R80RT,,"Enterprise, NV, USA","$3,000
SOLD",Mecum,Auction,"Jan 8, 2015"
1972 BMW R60/5,,"Enterprise, NV, USA","$3,000
SOLD",Mecum,Auction,"Jan 8, 2015"
1969 BMW R60,,"Enterprise, NV, USA","$5,000
SOLD",Mecum,Auction,"Jan 8, 2015"
1964 BMW R69S,"27,000 mi","Monterey, CA, USA","$16,000
SOLD",Mecum,Auction,"Aug 14, 2014"
1988 BMW R100 RT,,"Harrisburg, PA, USA","$2,500
SOLD",Mecum,Auction,"Jul 27, 2014"
2011 BMW S1000 RR,,"Harrisburg, PA, USA","$9,000
SOLD",Mecum,Auction,"Jul 27, 2014"
1942 BMW R75 Military Motorcycle Combination,,"Greenwich, CT, USA","$13,200
SOLD",Bonhams,Auction,"Jun 1, 2014"
1983 BMW R65,,"Auburn, IN, USA","$6,038
SOLD",RM Sotheby's,Auction,"May 10, 2014"
1964 BMW R50/2,,"Houston, TX, USA","$20,000
SOLD",Mecum,Auction,"Apr 13, 2014"
1963 BMW R69S,,"Nassau County, FL, USA","$30,800
SOLD",Gooding & Company,Auction,"Mar 7, 2014"
1953 BMW R25/3 With Steib LS 200,,"Scottsdale, AZ, USA","$46,200
SOLD",Gooding & Company,Auction,"Jan 17, 2014"
1925 BMW R37,,"Enterprise, NV, USA","$200,000
SOLD",Mecum,Auction,"Jan 11, 2014"
1990 BMW K1,,"Enterprise, NV, USA","$3,250
SOLD",Mecum,Auction,"Jan 10, 2014"
1969 BMW R69 S,,"Enterprise, NV, USA","$15,000
SOLD",Mecum,Auction,"Jan 10, 2014"
1961 BMW R50/2,,"Enterprise, NV, USA","$11,000
SOLD",Mecum,Auction,"Jan 10, 2014"
1965 BMW R69S,,"Enterprise, NV, USA","$16,500
SOLD",Mecum,Auction,"Jan 10, 2014"
1974 BMW R90/6 With Sidecar,,"Enterprise, NV, USA","$13,500
SOLD",Mecum,Auction,"Jan 10, 2014"
1964 BMW R60/2,,"Enterprise, NV, USA","$12,500
SOLD",Mecum,Auction,"Jan 10, 2014"
1960 BMW R50/2,,"Enterprise, NV, USA","$9,250
SOLD",Mecum,Auction,"Jan 10, 2014"
1961 BMW R50/2,,"Enterprise, NV, USA","$5,750
SOLD",Mecum,Auction,"Jan 10, 2014"
1956 BMW,,"Monterey, CA, USA","$5,400
SOLD",Mecum,Auction,"Aug 18, 2011"
1947 BMW R35,,"Monterey, CA, USA","$13,000
SOLD",Mecum,Auction,"Aug 18, 2011"
